time,f1,pr_auc,n,n_pos,regime,model,features,seed
1,0.0,0.8055555555555556,333,3,random,xgb,base,0
2,0.6666666666666666,0.7555555555555555,162,3,random,xgb,base,0
3,1.0,1.0,193,2,random,xgb,base,0
4,0.8,1.0,224,6,random,xgb,base,0
5,0.0,1.0,289,1,random,xgb,base,0
6,0.0,,77,0,random,xgb,base,0
7,0.9565217391304348,0.9924242424242424,189,11,random,xgb,base,0
8,0.8695652173913043,0.8648773326434493,181,13,random,xgb,base,0
9,1.0,1.0,117,34,random,xgb,base,0
10,1.0,1.0,134,1,random,xgb,base,0
11,1.0,1.0,115,18,random,xgb,base,0
12,0.8571428571428571,0.9166666666666665,59,3,random,xgb,base,0
13,1.0,1.0,123,53,random,xgb,base,0
14,1.0,1.0,65,11,random,xgb,base,0
15,1.0,1.0000000000000002,91,22,random,xgb,base,0
16,0.9545454545454546,0.9848484848484849,93,22,random,xgb,base,0
17,0.9696969696969697,1.0,131,16,random,xgb,base,0
18,1.0,0.9999999999999998,52,7,random,xgb,base,0
19,0.9375,0.9837863270308124,119,16,random,xgb,base,0
20,0.961038961038961,0.9993902439024391,136,40,random,xgb,base,0
21,1.0,1.0,89,14,random,xgb,base,0
22,0.96,0.99709620863467,272,26,random,xgb,base,0
23,0.875,0.9861111111111112,165,8,random,xgb,base,0
24,0.9583333333333334,0.984258064516129,176,25,random,xgb,base,0
25,1.0,1.0,90,19,random,xgb,base,0
26,0.9411764705882353,1.0,71,9,random,xgb,base,0
27,1.0,1.0,32,6,random,xgb,base,0
28,1.0,1.0,41,16,random,xgb,base,0
29,0.945054945054945,0.9965324094613692,183,48,random,xgb,base,0
30,0.967741935483871,1.0,82,16,random,xgb,base,0
31,1.0,0.9999999999999998,95,13,random,xgb,base,0
32,0.9876543209876543,1.0,188,41,random,xgb,base,0
33,0.5,0.9166666666666665,76,3,random,xgb,base,0
34,0.9230769230769231,1.0,91,6,random,xgb,base,0
35,0.9393939393939394,0.9897111679900306,197,33,random,xgb,base,0
36,1.0,1.0,260,4,random,xgb,base,0
37,1.0,1.0,71,4,random,xgb,base,0
38,0.8461538461538461,0.9913888888888889,111,15,random,xgb,base,0
39,0.9090909090909091,0.9999999999999999,189,12,random,xgb,base,0
40,0.9090909090909091,0.9107142857142857,164,12,random,xgb,base,0
41,0.9523809523809523,0.9931869717584003,178,21,random,xgb,base,0
42,0.9444444444444444,0.9900528834046838,279,19,random,xgb,base,0
43,0.5714285714285714,0.8242424242424242,186,5,random,xgb,base,0
44,0.0,0.20808080808080806,249,3,random,xgb,base,0
45,0.0,0.5,189,1,random,xgb,base,0
46,1.0,1.0,104,1,random,xgb,base,0
47,0.6666666666666666,0.570350535540409,113,4,random,xgb,base,0
48,0.8888888888888888,1.0,77,5,random,xgb,base,0
49,0.9523809523809523,0.9757575757575758,84,11,random,xgb,base,0
1,0.0,0.8055555555555556,333,3,random,xgb,base,1
2,0.6666666666666666,0.7555555555555555,162,3,random,xgb,base,1
3,1.0,1.0,193,2,random,xgb,base,1
4,0.8,1.0,224,6,random,xgb,base,1
5,0.0,1.0,289,1,random,xgb,base,1
6,0.0,,77,0,random,xgb,base,1
7,0.9565217391304348,0.9924242424242424,189,11,random,xgb,base,1
8,0.8695652173913043,0.8648773326434493,181,13,random,xgb,base,1
9,1.0,1.0,117,34,random,xgb,base,1
10,1.0,1.0,134,1,random,xgb,base,1
11,1.0,1.0,115,18,random,xgb,base,1
12,0.8571428571428571,0.9166666666666665,59,3,random,xgb,base,1
13,1.0,1.0,123,53,random,xgb,base,1
14,1.0,1.0,65,11,random,xgb,base,1
15,1.0,1.0000000000000002,91,22,random,xgb,base,1
16,0.9545454545454546,0.9848484848484849,93,22,random,xgb,base,1
17,0.9696969696969697,1.0,131,16,random,xgb,base,1
18,1.0,0.9999999999999998,52,7,random,xgb,base,1
19,0.9375,0.9837863270308124,119,16,random,xgb,base,1
20,0.961038961038961,0.9993902439024391,136,40,random,xgb,base,1
21,1.0,1.0,89,14,random,xgb,base,1
22,0.96,0.99709620863467,272,26,random,xgb,base,1
23,0.875,0.9861111111111112,165,8,random,xgb,base,1
24,0.9583333333333334,0.984258064516129,176,25,random,xgb,base,1
25,1.0,1.0,90,19,random,xgb,base,1
26,0.9411764705882353,1.0,71,9,random,xgb,base,1
27,1.0,1.0,32,6,random,xgb,base,1
28,1.0,1.0,41,16,random,xgb,base,1
29,0.945054945054945,0.9965324094613692,183,48,random,xgb,base,1
30,0.967741935483871,1.0,82,16,random,xgb,base,1
31,1.0,0.9999999999999998,95,13,random,xgb,base,1
32,0.9876543209876543,1.0,188,41,random,xgb,base,1
33,0.5,0.9166666666666665,76,3,random,xgb,base,1
34,0.9230769230769231,1.0,91,6,random,xgb,base,1
35,0.9393939393939394,0.9897111679900306,197,33,random,xgb,base,1
36,1.0,1.0,260,4,random,xgb,base,1
37,1.0,1.0,71,4,random,xgb,base,1
38,0.8461538461538461,0.9913888888888889,111,15,random,xgb,base,1
39,0.9090909090909091,0.9999999999999999,189,12,random,xgb,base,1
40,0.9090909090909091,0.9107142857142857,164,12,random,xgb,base,1
41,0.9523809523809523,0.9931869717584003,178,21,random,xgb,base,1
42,0.9444444444444444,0.9900528834046838,279,19,random,xgb,base,1
43,0.5714285714285714,0.8242424242424242,186,5,random,xgb,base,1
44,0.0,0.20808080808080806,249,3,random,xgb,base,1
45,0.0,0.5,189,1,random,xgb,base,1
46,1.0,1.0,104,1,random,xgb,base,1
47,0.6666666666666666,0.570350535540409,113,4,random,xgb,base,1
48,0.8888888888888888,1.0,77,5,random,xgb,base,1
49,0.9523809523809523,0.9757575757575758,84,11,random,xgb,base,1
1,0.0,0.8055555555555556,333,3,random,xgb,base,2
2,0.6666666666666666,0.7555555555555555,162,3,random,xgb,base,2
3,1.0,1.0,193,2,random,xgb,base,2
4,0.8,1.0,224,6,random,xgb,base,2
5,0.0,1.0,289,1,random,xgb,base,2
6,0.0,,77,0,random,xgb,base,2
7,0.9565217391304348,0.9924242424242424,189,11,random,xgb,base,2
8,0.8695652173913043,0.8648773326434493,181,13,random,xgb,base,2
9,1.0,1.0,117,34,random,xgb,base,2
10,1.0,1.0,134,1,random,xgb,base,2
11,1.0,1.0,115,18,random,xgb,base,2
12,0.8571428571428571,0.9166666666666665,59,3,random,xgb,base,2
13,1.0,1.0,123,53,random,xgb,base,2
14,1.0,1.0,65,11,random,xgb,base,2
15,1.0,1.0000000000000002,91,22,random,xgb,base,2
16,0.9545454545454546,0.9848484848484849,93,22,random,xgb,base,2
17,0.9696969696969697,1.0,131,16,random,xgb,base,2
18,1.0,0.9999999999999998,52,7,random,xgb,base,2
19,0.9375,0.9837863270308124,119,16,random,xgb,base,2
20,0.961038961038961,0.9993902439024391,136,40,random,xgb,base,2
21,1.0,1.0,89,14,random,xgb,base,2
22,0.96,0.99709620863467,272,26,random,xgb,base,2
23,0.875,0.9861111111111112,165,8,random,xgb,base,2
24,0.9583333333333334,0.984258064516129,176,25,random,xgb,base,2
25,1.0,1.0,90,19,random,xgb,base,2
26,0.9411764705882353,1.0,71,9,random,xgb,base,2
27,1.0,1.0,32,6,random,xgb,base,2
28,1.0,1.0,41,16,random,xgb,base,2
29,0.945054945054945,0.9965324094613692,183,48,random,xgb,base,2
30,0.967741935483871,1.0,82,16,random,xgb,base,2
31,1.0,0.9999999999999998,95,13,random,xgb,base,2
32,0.9876543209876543,1.0,188,41,random,xgb,base,2
33,0.5,0.9166666666666665,76,3,random,xgb,base,2
34,0.9230769230769231,1.0,91,6,random,xgb,base,2
35,0.9393939393939394,0.9897111679900306,197,33,random,xgb,base,2
36,1.0,1.0,260,4,random,xgb,base,2
37,1.0,1.0,71,4,random,xgb,base,2
38,0.8461538461538461,0.9913888888888889,111,15,random,xgb,base,2
39,0.9090909090909091,0.9999999999999999,189,12,random,xgb,base,2
40,0.9090909090909091,0.9107142857142857,164,12,random,xgb,base,2
41,0.9523809523809523,0.9931869717584003,178,21,random,xgb,base,2
42,0.9444444444444444,0.9900528834046838,279,19,random,xgb,base,2
43,0.5714285714285714,0.8242424242424242,186,5,random,xgb,base,2
44,0.0,0.20808080808080806,249,3,random,xgb,base,2
45,0.0,0.5,189,1,random,xgb,base,2
46,1.0,1.0,104,1,random,xgb,base,2
47,0.6666666666666666,0.570350535540409,113,4,random,xgb,base,2
48,0.8888888888888888,1.0,77,5,random,xgb,base,2
49,0.9523809523809523,0.9757575757575758,84,11,random,xgb,base,2
1,0.0,0.8055555555555556,333,3,random,xgb,base,3
2,0.6666666666666666,0.7555555555555555,162,3,random,xgb,base,3
3,1.0,1.0,193,2,random,xgb,base,3
4,0.8,1.0,224,6,random,xgb,base,3
5,0.0,1.0,289,1,random,xgb,base,3
6,0.0,,77,0,random,xgb,base,3
7,0.9565217391304348,0.9924242424242424,189,11,random,xgb,base,3
8,0.8695652173913043,0.8648773326434493,181,13,random,xgb,base,3
9,1.0,1.0,117,34,random,xgb,base,3
10,1.0,1.0,134,1,random,xgb,base,3
11,1.0,1.0,115,18,random,xgb,base,3
12,0.8571428571428571,0.9166666666666665,59,3,random,xgb,base,3
13,1.0,1.0,123,53,random,xgb,base,3
14,1.0,1.0,65,11,random,xgb,base,3
15,1.0,1.0000000000000002,91,22,random,xgb,base,3
16,0.9545454545454546,0.9848484848484849,93,22,random,xgb,base,3
17,0.9696969696969697,1.0,131,16,random,xgb,base,3
18,1.0,0.9999999999999998,52,7,random,xgb,base,3
19,0.9375,0.9837863270308124,119,16,random,xgb,base,3
20,0.961038961038961,0.9993902439024391,136,40,random,xgb,base,3
21,1.0,1.0,89,14,random,xgb,base,3
22,0.96,0.99709620863467,272,26,random,xgb,base,3
23,0.875,0.9861111111111112,165,8,random,xgb,base,3
24,0.9583333333333334,0.984258064516129,176,25,random,xgb,base,3
25,1.0,1.0,90,19,random,xgb,base,3
26,0.9411764705882353,1.0,71,9,random,xgb,base,3
27,1.0,1.0,32,6,random,xgb,base,3
28,1.0,1.0,41,16,random,xgb,base,3
29,0.945054945054945,0.9965324094613692,183,48,random,xgb,base,3
30,0.967741935483871,1.0,82,16,random,xgb,base,3
31,1.0,0.9999999999999998,95,13,random,xgb,base,3
32,0.9876543209876543,1.0,188,41,random,xgb,base,3
33,0.5,0.9166666666666665,76,3,random,xgb,base,3
34,0.9230769230769231,1.0,91,6,random,xgb,base,3
35,0.9393939393939394,0.9897111679900306,197,33,random,xgb,base,3
36,1.0,1.0,260,4,random,xgb,base,3
37,1.0,1.0,71,4,random,xgb,base,3
38,0.8461538461538461,0.9913888888888889,111,15,random,xgb,base,3
39,0.9090909090909091,0.9999999999999999,189,12,random,xgb,base,3
40,0.9090909090909091,0.9107142857142857,164,12,random,xgb,base,3
41,0.9523809523809523,0.9931869717584003,178,21,random,xgb,base,3
42,0.9444444444444444,0.9900528834046838,279,19,random,xgb,base,3
43,0.5714285714285714,0.8242424242424242,186,5,random,xgb,base,3
44,0.0,0.20808080808080806,249,3,random,xgb,base,3
45,0.0,0.5,189,1,random,xgb,base,3
46,1.0,1.0,104,1,random,xgb,base,3
47,0.6666666666666666,0.570350535540409,113,4,random,xgb,base,3
48,0.8888888888888888,1.0,77,5,random,xgb,base,3
49,0.9523809523809523,0.9757575757575758,84,11,random,xgb,base,3
1,0.0,0.8055555555555556,333,3,random,xgb,base,4
2,0.6666666666666666,0.7555555555555555,162,3,random,xgb,base,4
3,1.0,1.0,193,2,random,xgb,base,4
4,0.8,1.0,224,6,random,xgb,base,4
5,0.0,1.0,289,1,random,xgb,base,4
6,0.0,,77,0,random,xgb,base,4
7,0.9565217391304348,0.9924242424242424,189,11,random,xgb,base,4
8,0.8695652173913043,0.8648773326434493,181,13,random,xgb,base,4
9,1.0,1.0,117,34,random,xgb,base,4
10,1.0,1.0,134,1,random,xgb,base,4
11,1.0,1.0,115,18,random,xgb,base,4
12,0.8571428571428571,0.9166666666666665,59,3,random,xgb,base,4
13,1.0,1.0,123,53,random,xgb,base,4
14,1.0,1.0,65,11,random,xgb,base,4
15,1.0,1.0000000000000002,91,22,random,xgb,base,4
16,0.9545454545454546,0.9848484848484849,93,22,random,xgb,base,4
17,0.9696969696969697,1.0,131,16,random,xgb,base,4
18,1.0,0.9999999999999998,52,7,random,xgb,base,4
19,0.9375,0.9837863270308124,119,16,random,xgb,base,4
20,0.961038961038961,0.9993902439024391,136,40,random,xgb,base,4
21,1.0,1.0,89,14,random,xgb,base,4
22,0.96,0.99709620863467,272,26,random,xgb,base,4
23,0.875,0.9861111111111112,165,8,random,xgb,base,4
24,0.9583333333333334,0.984258064516129,176,25,random,xgb,base,4
25,1.0,1.0,90,19,random,xgb,base,4
26,0.9411764705882353,1.0,71,9,random,xgb,base,4
27,1.0,1.0,32,6,random,xgb,base,4
28,1.0,1.0,41,16,random,xgb,base,4
29,0.945054945054945,0.9965324094613692,183,48,random,xgb,base,4
30,0.967741935483871,1.0,82,16,random,xgb,base,4
31,1.0,0.9999999999999998,95,13,random,xgb,base,4
32,0.9876543209876543,1.0,188,41,random,xgb,base,4
33,0.5,0.9166666666666665,76,3,random,xgb,base,4
34,0.9230769230769231,1.0,91,6,random,xgb,base,4
35,0.9393939393939394,0.9897111679900306,197,33,random,xgb,base,4
36,1.0,1.0,260,4,random,xgb,base,4
37,1.0,1.0,71,4,random,xgb,base,4
38,0.8461538461538461,0.9913888888888889,111,15,random,xgb,base,4
39,0.9090909090909091,0.9999999999999999,189,12,random,xgb,base,4
40,0.9090909090909091,0.9107142857142857,164,12,random,xgb,base,4
41,0.9523809523809523,0.9931869717584003,178,21,random,xgb,base,4
42,0.9444444444444444,0.9900528834046838,279,19,random,xgb,base,4
43,0.5714285714285714,0.8242424242424242,186,5,random,xgb,base,4
44,0.0,0.20808080808080806,249,3,random,xgb,base,4
45,0.0,0.5,189,1,random,xgb,base,4
46,1.0,1.0,104,1,random,xgb,base,4
47,0.6666666666666666,0.570350535540409,113,4,random,xgb,base,4
48,0.8888888888888888,1.0,77,5,random,xgb,base,4
49,0.9523809523809523,0.9757575757575758,84,11,random,xgb,base,4
1,0.0,0.8666666666666667,333,3,random,xgb,base_gfp,0
2,0.8571428571428571,0.6388888888888888,162,3,random,xgb,base_gfp,0
3,0.6666666666666666,1.0,193,2,random,xgb,base_gfp,0
4,0.8,0.9761904761904762,224,6,random,xgb,base_gfp,0
5,0.0,1.0,289,1,random,xgb,base_gfp,0
6,0.0,,77,0,random,xgb,base_gfp,0
7,0.9166666666666666,0.986013986013986,189,11,random,xgb,base_gfp,0
8,0.8695652173913043,0.8760362444572969,181,13,random,xgb,base_gfp,0
9,1.0,1.0,117,34,random,xgb,base_gfp,0
10,1.0,1.0,134,1,random,xgb,base_gfp,0
11,1.0,1.0,115,18,random,xgb,base_gfp,0
12,0.8571428571428571,0.9166666666666665,59,3,random,xgb,base_gfp,0
13,1.0,1.0,123,53,random,xgb,base_gfp,0
14,1.0,1.0,65,11,random,xgb,base_gfp,0
15,1.0,0.9999999999999999,91,22,random,xgb,base_gfp,0
16,0.9545454545454546,0.9789356984478935,93,22,random,xgb,base_gfp,0
17,0.9696969696969697,1.0,131,16,random,xgb,base_gfp,0
18,1.0,0.9999999999999998,52,7,random,xgb,base_gfp,0
19,0.9333333333333333,0.9901315789473684,119,16,random,xgb,base_gfp,0
20,0.9473684210526315,0.9982558139534885,136,40,random,xgb,base_gfp,0
21,1.0,1.0,89,14,random,xgb,base_gfp,0
22,0.9615384615384616,0.9970962086346701,272,26,random,xgb,base_gfp,0
23,0.875,0.9861111111111112,165,8,random,xgb,base_gfp,0
24,0.9361702127659575,0.9808974358974362,176,25,random,xgb,base_gfp,0
25,1.0,1.0,90,19,random,xgb,base_gfp,0
26,0.8888888888888888,0.9888888888888892,71,9,random,xgb,base_gfp,0
27,1.0,1.0,32,6,random,xgb,base_gfp,0
28,1.0,1.0,41,16,random,xgb,base_gfp,0
29,0.9787234042553191,0.9983163265306122,183,48,random,xgb,base_gfp,0
30,1.0,1.0,82,16,random,xgb,base_gfp,0
31,1.0,0.9999999999999998,95,13,random,xgb,base_gfp,0
32,0.9876543209876543,1.0,188,41,random,xgb,base_gfp,0
33,0.8,1.0,76,3,random,xgb,base_gfp,0
34,0.9230769230769231,1.0,91,6,random,xgb,base_gfp,0
35,0.9393939393939394,0.9911468581923126,197,33,random,xgb,base_gfp,0
36,1.0,1.0,260,4,random,xgb,base_gfp,0
37,1.0,1.0,71,4,random,xgb,base_gfp,0
38,0.8461538461538461,0.9705555555555554,111,15,random,xgb,base_gfp,0
39,0.9090909090909091,0.9999999999999999,189,12,random,xgb,base_gfp,0
40,0.9090909090909091,0.9090136054421769,164,12,random,xgb,base_gfp,0
41,0.9523809523809523,0.9931869717584003,178,21,random,xgb,base_gfp,0
42,0.972972972972973,0.9973684210526315,279,19,random,xgb,base_gfp,0
43,0.5714285714285714,0.7619047619047619,186,5,random,xgb,base_gfp,0
44,0.0,0.2713675213675214,249,3,random,xgb,base_gfp,0
45,0.0,0.3333333333333333,189,1,random,xgb,base_gfp,0
46,0.6666666666666666,1.0,104,1,random,xgb,base_gfp,0
47,0.4,0.6089015151515151,113,4,random,xgb,base_gfp,0
48,0.8888888888888888,0.9428571428571428,77,5,random,xgb,base_gfp,0
49,0.9523809523809523,0.9805194805194806,84,11,random,xgb,base_gfp,0
1,0.0,0.8666666666666667,333,3,random,xgb,base_gfp,1
2,0.8571428571428571,0.6388888888888888,162,3,random,xgb,base_gfp,1
3,0.6666666666666666,1.0,193,2,random,xgb,base_gfp,1
4,0.8,0.9761904761904762,224,6,random,xgb,base_gfp,1
5,0.0,1.0,289,1,random,xgb,base_gfp,1
6,0.0,,77,0,random,xgb,base_gfp,1
7,0.9166666666666666,0.986013986013986,189,11,random,xgb,base_gfp,1
8,0.8695652173913043,0.8760362444572969,181,13,random,xgb,base_gfp,1
9,1.0,1.0,117,34,random,xgb,base_gfp,1
10,1.0,1.0,134,1,random,xgb,base_gfp,1
11,1.0,1.0,115,18,random,xgb,base_gfp,1
12,0.8571428571428571,0.9166666666666665,59,3,random,xgb,base_gfp,1
13,1.0,1.0,123,53,random,xgb,base_gfp,1
14,1.0,1.0,65,11,random,xgb,base_gfp,1
15,1.0,0.9999999999999999,91,22,random,xgb,base_gfp,1
16,0.9545454545454546,0.9789356984478935,93,22,random,xgb,base_gfp,1
17,0.9696969696969697,1.0,131,16,random,xgb,base_gfp,1
18,1.0,0.9999999999999998,52,7,random,xgb,base_gfp,1
19,0.9333333333333333,0.9901315789473684,119,16,random,xgb,base_gfp,1
20,0.9473684210526315,0.9982558139534885,136,40,random,xgb,base_gfp,1
21,1.0,1.0,89,14,random,xgb,base_gfp,1
22,0.9615384615384616,0.9970962086346701,272,26,random,xgb,base_gfp,1
23,0.875,0.9861111111111112,165,8,random,xgb,base_gfp,1
24,0.9361702127659575,0.9808974358974362,176,25,random,xgb,base_gfp,1
25,1.0,1.0,90,19,random,xgb,base_gfp,1
26,0.8888888888888888,0.9888888888888892,71,9,random,xgb,base_gfp,1
27,1.0,1.0,32,6,random,xgb,base_gfp,1
28,1.0,1.0,41,16,random,xgb,base_gfp,1
29,0.9787234042553191,0.9983163265306122,183,48,random,xgb,base_gfp,1
30,1.0,1.0,82,16,random,xgb,base_gfp,1
31,1.0,0.9999999999999998,95,13,random,xgb,base_gfp,1
32,0.9876543209876543,1.0,188,41,random,xgb,base_gfp,1
33,0.8,1.0,76,3,random,xgb,base_gfp,1
34,0.9230769230769231,1.0,91,6,random,xgb,base_gfp,1
35,0.9393939393939394,0.9911468581923126,197,33,random,xgb,base_gfp,1
36,1.0,1.0,260,4,random,xgb,base_gfp,1
37,1.0,1.0,71,4,random,xgb,base_gfp,1
38,0.8461538461538461,0.9705555555555554,111,15,random,xgb,base_gfp,1
39,0.9090909090909091,0.9999999999999999,189,12,random,xgb,base_gfp,1
40,0.9090909090909091,0.9090136054421769,164,12,random,xgb,base_gfp,1
41,0.9523809523809523,0.9931869717584003,178,21,random,xgb,base_gfp,1
42,0.972972972972973,0.9973684210526315,279,19,random,xgb,base_gfp,1
43,0.5714285714285714,0.7619047619047619,186,5,random,xgb,base_gfp,1
44,0.0,0.2713675213675214,249,3,random,xgb,base_gfp,1
45,0.0,0.3333333333333333,189,1,random,xgb,base_gfp,1
46,0.6666666666666666,1.0,104,1,random,xgb,base_gfp,1
47,0.4,0.6089015151515151,113,4,random,xgb,base_gfp,1
48,0.8888888888888888,0.9428571428571428,77,5,random,xgb,base_gfp,1
49,0.9523809523809523,0.9805194805194806,84,11,random,xgb,base_gfp,1
1,0.0,0.8666666666666667,333,3,random,xgb,base_gfp,2
2,0.8571428571428571,0.6388888888888888,162,3,random,xgb,base_gfp,2
3,0.6666666666666666,1.0,193,2,random,xgb,base_gfp,2
4,0.8,0.9761904761904762,224,6,random,xgb,base_gfp,2
5,0.0,1.0,289,1,random,xgb,base_gfp,2
6,0.0,,77,0,random,xgb,base_gfp,2
7,0.9166666666666666,0.986013986013986,189,11,random,xgb,base_gfp,2
8,0.8695652173913043,0.8760362444572969,181,13,random,xgb,base_gfp,2
9,1.0,1.0,117,34,random,xgb,base_gfp,2
10,1.0,1.0,134,1,random,xgb,base_gfp,2
11,1.0,1.0,115,18,random,xgb,base_gfp,2
12,0.8571428571428571,0.9166666666666665,59,3,random,xgb,base_gfp,2
13,1.0,1.0,123,53,random,xgb,base_gfp,2
14,1.0,1.0,65,11,random,xgb,base_gfp,2
15,1.0,0.9999999999999999,91,22,random,xgb,base_gfp,2
16,0.9545454545454546,0.9789356984478935,93,22,random,xgb,base_gfp,2
17,0.9696969696969697,1.0,131,16,random,xgb,base_gfp,2
18,1.0,0.9999999999999998,52,7,random,xgb,base_gfp,2
19,0.9333333333333333,0.9901315789473684,119,16,random,xgb,base_gfp,2
20,0.9473684210526315,0.9982558139534885,136,40,random,xgb,base_gfp,2
21,1.0,1.0,89,14,random,xgb,base_gfp,2
22,0.9615384615384616,0.9970962086346701,272,26,random,xgb,base_gfp,2
23,0.875,0.9861111111111112,165,8,random,xgb,base_gfp,2
24,0.9361702127659575,0.9808974358974362,176,25,random,xgb,base_gfp,2
25,1.0,1.0,90,19,random,xgb,base_gfp,2
26,0.8888888888888888,0.9888888888888892,71,9,random,xgb,base_gfp,2
27,1.0,1.0,32,6,random,xgb,base_gfp,2
28,1.0,1.0,41,16,random,xgb,base_gfp,2
29,0.9787234042553191,0.9983163265306122,183,48,random,xgb,base_gfp,2
30,1.0,1.0,82,16,random,xgb,base_gfp,2
31,1.0,0.9999999999999998,95,13,random,xgb,base_gfp,2
32,0.9876543209876543,1.0,188,41,random,xgb,base_gfp,2
33,0.8,1.0,76,3,random,xgb,base_gfp,2
34,0.9230769230769231,1.0,91,6,random,xgb,base_gfp,2
35,0.9393939393939394,0.9911468581923126,197,33,random,xgb,base_gfp,2
36,1.0,1.0,260,4,random,xgb,base_gfp,2
37,1.0,1.0,71,4,random,xgb,base_gfp,2
38,0.8461538461538461,0.9705555555555554,111,15,random,xgb,base_gfp,2
39,0.9090909090909091,0.9999999999999999,189,12,random,xgb,base_gfp,2
40,0.9090909090909091,0.9090136054421769,164,12,random,xgb,base_gfp,2
41,0.9523809523809523,0.9931869717584003,178,21,random,xgb,base_gfp,2
42,0.972972972972973,0.9973684210526315,279,19,random,xgb,base_gfp,2
43,0.5714285714285714,0.7619047619047619,186,5,random,xgb,base_gfp,2
44,0.0,0.2713675213675214,249,3,random,xgb,base_gfp,2
45,0.0,0.3333333333333333,189,1,random,xgb,base_gfp,2
46,0.6666666666666666,1.0,104,1,random,xgb,base_gfp,2
47,0.4,0.6089015151515151,113,4,random,xgb,base_gfp,2
48,0.8888888888888888,0.9428571428571428,77,5,random,xgb,base_gfp,2
49,0.9523809523809523,0.9805194805194806,84,11,random,xgb,base_gfp,2
1,0.0,0.8666666666666667,333,3,random,xgb,base_gfp,3
2,0.8571428571428571,0.6388888888888888,162,3,random,xgb,base_gfp,3
3,0.6666666666666666,1.0,193,2,random,xgb,base_gfp,3
4,0.8,0.9761904761904762,224,6,random,xgb,base_gfp,3
5,0.0,1.0,289,1,random,xgb,base_gfp,3
6,0.0,,77,0,random,xgb,base_gfp,3
7,0.9166666666666666,0.986013986013986,189,11,random,xgb,base_gfp,3
8,0.8695652173913043,0.8760362444572969,181,13,random,xgb,base_gfp,3
9,1.0,1.0,117,34,random,xgb,base_gfp,3
10,1.0,1.0,134,1,random,xgb,base_gfp,3
11,1.0,1.0,115,18,random,xgb,base_gfp,3
12,0.8571428571428571,0.9166666666666665,59,3,random,xgb,base_gfp,3
13,1.0,1.0,123,53,random,xgb,base_gfp,3
14,1.0,1.0,65,11,random,xgb,base_gfp,3
15,1.0,0.9999999999999999,91,22,random,xgb,base_gfp,3
16,0.9545454545454546,0.9789356984478935,93,22,random,xgb,base_gfp,3
17,0.9696969696969697,1.0,131,16,random,xgb,base_gfp,3
18,1.0,0.9999999999999998,52,7,random,xgb,base_gfp,3
19,0.9333333333333333,0.9901315789473684,119,16,random,xgb,base_gfp,3
20,0.9473684210526315,0.9982558139534885,136,40,random,xgb,base_gfp,3
21,1.0,1.0,89,14,random,xgb,base_gfp,3
22,0.9615384615384616,0.9970962086346701,272,26,random,xgb,base_gfp,3
23,0.875,0.9861111111111112,165,8,random,xgb,base_gfp,3
24,0.9361702127659575,0.9808974358974362,176,25,random,xgb,base_gfp,3
25,1.0,1.0,90,19,random,xgb,base_gfp,3
26,0.8888888888888888,0.9888888888888892,71,9,random,xgb,base_gfp,3
27,1.0,1.0,32,6,random,xgb,base_gfp,3
28,1.0,1.0,41,16,random,xgb,base_gfp,3
29,0.9787234042553191,0.9983163265306122,183,48,random,xgb,base_gfp,3
30,1.0,1.0,82,16,random,xgb,base_gfp,3
31,1.0,0.9999999999999998,95,13,random,xgb,base_gfp,3
32,0.9876543209876543,1.0,188,41,random,xgb,base_gfp,3
33,0.8,1.0,76,3,random,xgb,base_gfp,3
34,0.9230769230769231,1.0,91,6,random,xgb,base_gfp,3
35,0.9393939393939394,0.9911468581923126,197,33,random,xgb,base_gfp,3
36,1.0,1.0,260,4,random,xgb,base_gfp,3
37,1.0,1.0,71,4,random,xgb,base_gfp,3
38,0.8461538461538461,0.9705555555555554,111,15,random,xgb,base_gfp,3
39,0.9090909090909091,0.9999999999999999,189,12,random,xgb,base_gfp,3
40,0.9090909090909091,0.9090136054421769,164,12,random,xgb,base_gfp,3
41,0.9523809523809523,0.9931869717584003,178,21,random,xgb,base_gfp,3
42,0.972972972972973,0.9973684210526315,279,19,random,xgb,base_gfp,3
43,0.5714285714285714,0.7619047619047619,186,5,random,xgb,base_gfp,3
44,0.0,0.2713675213675214,249,3,random,xgb,base_gfp,3
45,0.0,0.3333333333333333,189,1,random,xgb,base_gfp,3
46,0.6666666666666666,1.0,104,1,random,xgb,base_gfp,3
47,0.4,0.6089015151515151,113,4,random,xgb,base_gfp,3
48,0.8888888888888888,0.9428571428571428,77,5,random,xgb,base_gfp,3
49,0.9523809523809523,0.9805194805194806,84,11,random,xgb,base_gfp,3
1,0.0,0.8666666666666667,333,3,random,xgb,base_gfp,4
2,0.8571428571428571,0.6388888888888888,162,3,random,xgb,base_gfp,4
3,0.6666666666666666,1.0,193,2,random,xgb,base_gfp,4
4,0.8,0.9761904761904762,224,6,random,xgb,base_gfp,4
5,0.0,1.0,289,1,random,xgb,base_gfp,4
6,0.0,,77,0,random,xgb,base_gfp,4
7,0.9166666666666666,0.986013986013986,189,11,random,xgb,base_gfp,4
8,0.8695652173913043,0.8760362444572969,181,13,random,xgb,base_gfp,4
9,1.0,1.0,117,34,random,xgb,base_gfp,4
10,1.0,1.0,134,1,random,xgb,base_gfp,4
11,1.0,1.0,115,18,random,xgb,base_gfp,4
12,0.8571428571428571,0.9166666666666665,59,3,random,xgb,base_gfp,4
13,1.0,1.0,123,53,random,xgb,base_gfp,4
14,1.0,1.0,65,11,random,xgb,base_gfp,4
15,1.0,0.9999999999999999,91,22,random,xgb,base_gfp,4
16,0.9545454545454546,0.9789356984478935,93,22,random,xgb,base_gfp,4
17,0.9696969696969697,1.0,131,16,random,xgb,base_gfp,4
18,1.0,0.9999999999999998,52,7,random,xgb,base_gfp,4
19,0.9333333333333333,0.9901315789473684,119,16,random,xgb,base_gfp,4
20,0.9473684210526315,0.9982558139534885,136,40,random,xgb,base_gfp,4
21,1.0,1.0,89,14,random,xgb,base_gfp,4
22,0.9615384615384616,0.9970962086346701,272,26,random,xgb,base_gfp,4
23,0.875,0.9861111111111112,165,8,random,xgb,base_gfp,4
24,0.9361702127659575,0.9808974358974362,176,25,random,xgb,base_gfp,4
25,1.0,1.0,90,19,random,xgb,base_gfp,4
26,0.8888888888888888,0.9888888888888892,71,9,random,xgb,base_gfp,4
27,1.0,1.0,32,6,random,xgb,base_gfp,4
28,1.0,1.0,41,16,random,xgb,base_gfp,4
29,0.9787234042553191,0.9983163265306122,183,48,random,xgb,base_gfp,4
30,1.0,1.0,82,16,random,xgb,base_gfp,4
31,1.0,0.9999999999999998,95,13,random,xgb,base_gfp,4
32,0.9876543209876543,1.0,188,41,random,xgb,base_gfp,4
33,0.8,1.0,76,3,random,xgb,base_gfp,4
34,0.9230769230769231,1.0,91,6,random,xgb,base_gfp,4
35,0.9393939393939394,0.9911468581923126,197,33,random,xgb,base_gfp,4
36,1.0,1.0,260,4,random,xgb,base_gfp,4
37,1.0,1.0,71,4,random,xgb,base_gfp,4
38,0.8461538461538461,0.9705555555555554,111,15,random,xgb,base_gfp,4
39,0.9090909090909091,0.9999999999999999,189,12,random,xgb,base_gfp,4
40,0.9090909090909091,0.9090136054421769,164,12,random,xgb,base_gfp,4
41,0.9523809523809523,0.9931869717584003,178,21,random,xgb,base_gfp,4
42,0.972972972972973,0.9973684210526315,279,19,random,xgb,base_gfp,4
43,0.5714285714285714,0.7619047619047619,186,5,random,xgb,base_gfp,4
44,0.0,0.2713675213675214,249,3,random,xgb,base_gfp,4
45,0.0,0.3333333333333333,189,1,random,xgb,base_gfp,4
46,0.6666666666666666,1.0,104,1,random,xgb,base_gfp,4
47,0.4,0.6089015151515151,113,4,random,xgb,base_gfp,4
48,0.8888888888888888,0.9428571428571428,77,5,random,xgb,base_gfp,4
49,0.9523809523809523,0.9805194805194806,84,11,random,xgb,base_gfp,4
1,0.0,0.06886304909560724,333,3,random,sage,base,0
2,0.8,0.8666666666666667,162,3,random,sage,base,0
3,0.0,0.19298245614035087,193,2,random,sage,base,0
4,0.25,0.40184284240011786,224,6,random,sage,base,0
5,0.0,0.047619047619047616,289,1,random,sage,base,0
6,0.0,,77,0,random,sage,base,0
7,0.9523809523809523,0.920855614973262,189,11,random,sage,base,0
8,0.8333333333333334,0.8981603363956303,181,13,random,sage,base,0
9,0.9411764705882353,0.994453044375645,117,34,random,sage,base,0
10,1.0,1.0,134,1,random,sage,base,0
11,0.9444444444444444,0.9889770723104059,115,18,random,sage,base,0
12,1.0,1.0,59,3,random,sage,base,0
13,0.9714285714285714,0.9959855696761253,123,53,random,sage,base,0
14,0.9565217391304348,0.9841597796143251,65,11,random,sage,base,0
15,0.9545454545454546,0.9815724815724817,91,22,random,sage,base,0
16,0.9523809523809523,0.9905928853754941,93,22,random,sage,base,0
17,1.0,1.0,131,16,random,sage,base,0
18,1.0,0.9999999999999998,52,7,random,sage,base,0
19,0.8387096774193549,0.9642212148017102,119,16,random,sage,base,0
20,0.9333333333333333,0.9737410783397814,136,40,random,sage,base,0
21,0.9629629629629629,0.9952380952380953,89,14,random,sage,base,0
22,0.8695652173913043,0.9431328788268587,272,26,random,sage,base,0
23,0.8235294117647058,0.8865936147186148,165,8,random,sage,base,0
24,0.9166666666666666,0.9596049555867228,176,25,random,sage,base,0
25,0.9473684210526315,0.9730611447304427,90,19,random,sage,base,0
26,1.0,1.0,71,9,random,sage,base,0
27,1.0,1.0,32,6,random,sage,base,0
28,1.0,1.0,41,16,random,sage,base,0
29,0.968421052631579,0.9765194213379476,183,48,random,sage,base,0
30,0.9032258064516129,0.9747023809523809,82,16,random,sage,base,0
31,0.9629629629629629,0.9945054945054943,95,13,random,sage,base,0
32,0.963855421686747,0.998270686053429,188,41,random,sage,base,0
33,0.5,1.0,76,3,random,sage,base,0
34,0.8333333333333334,0.9242424242424243,91,6,random,sage,base,0
35,0.9393939393939394,0.9800535113035111,197,33,random,sage,base,0
36,0.8,1.0,260,4,random,sage,base,0
37,1.0,1.0,71,4,random,sage,base,0
38,1.0,1.0,111,15,random,sage,base,0
39,1.0,1.0,189,12,random,sage,base,0
40,0.7619047619047619,0.8356748985781245,164,12,random,sage,base,0
41,0.975609756097561,0.9606454151908701,178,21,random,sage,base,0
42,0.8648648648648649,0.9068563156671147,279,19,random,sage,base,0
43,0.3333333333333333,0.5896491228070175,186,5,random,sage,base,0
44,0.0,0.0998015873015873,249,3,random,sage,base,0
45,0.0,0.14285714285714285,189,1,random,sage,base,0
46,0.0,0.016129032258064516,104,1,random,sage,base,0
47,0.0,0.48095238095238096,113,4,random,sage,base,0
48,0.75,0.8833333333333333,77,5,random,sage,base,0
49,0.8695652173913043,0.9226124885215794,84,11,random,sage,base,0
1,0.0,0.037272420251143655,333,3,random,sage,base,1
2,0.5,0.6984126984126984,162,3,random,sage,base,1
3,0.0,0.10964912280701754,193,2,random,sage,base,1
4,0.4,0.4878105590062112,224,6,random,sage,base,1
5,0.0,0.5,289,1,random,sage,base,1
6,0.0,,77,0,random,sage,base,1
7,0.9,0.9001600808829725,189,11,random,sage,base,1
8,0.8181818181818182,0.8784683058876606,181,13,random,sage,base,1
9,0.9117647058823529,0.9926432735256265,117,34,random,sage,base,1
10,1.0,1.0,134,1,random,sage,base,1
11,0.9714285714285714,0.9920634920634922,115,18,random,sage,base,1
12,1.0,1.0,59,3,random,sage,base,1
13,0.9714285714285714,0.992478061146417,123,53,random,sage,base,1
14,0.9565217391304348,0.9649678604224059,65,11,random,sage,base,1
15,0.9333333333333333,0.9823232323232323,91,22,random,sage,base,1
16,0.9523809523809523,0.966105015673981,93,22,random,sage,base,1
17,0.9411764705882353,1.0,131,16,random,sage,base,1
18,1.0,0.9999999999999998,52,7,random,sage,base,1
19,0.9032258064516129,0.9741476853899456,119,16,random,sage,base,1
20,0.8974358974358975,0.9726654488243345,136,40,random,sage,base,1
21,0.8571428571428571,0.981547619047619,89,14,random,sage,base,1
22,0.8936170212765957,0.959436396936397,272,26,random,sage,base,1
23,0.7142857142857143,0.8918650793650793,165,8,random,sage,base,1
24,0.9795918367346939,0.9903030303030302,176,25,random,sage,base,1
25,0.9473684210526315,0.9873684210526315,90,19,random,sage,base,1
26,0.9473684210526315,0.9888888888888889,71,9,random,sage,base,1
27,1.0,1.0,32,6,random,sage,base,1
28,1.0,1.0,41,16,random,sage,base,1
29,0.968421052631579,0.9757094468609001,183,48,random,sage,base,1
30,0.9032258064516129,0.9891493055555556,82,16,random,sage,base,1
31,1.0,0.9999999999999998,95,13,random,sage,base,1
32,0.963855421686747,0.996886351842242,188,41,random,sage,base,1
33,0.5,0.7555555555555555,76,3,random,sage,base,1
34,0.8333333333333334,0.9047619047619047,91,6,random,sage,base,1
35,0.9393939393939394,0.9880266075388027,197,33,random,sage,base,1
36,0.8,1.0,260,4,random,sage,base,1
37,1.0,1.0,71,4,random,sage,base,1
38,0.8387096774193549,0.9661375661375662,111,15,random,sage,base,1
39,1.0,0.9999999999999999,189,12,random,sage,base,1
40,0.7619047619047619,0.7978093522886652,164,12,random,sage,base,1
41,0.975609756097561,0.9603174603174607,178,21,random,sage,base,1
42,0.8947368421052632,0.9600366546349923,279,19,random,sage,base,1
43,0.3333333333333333,0.5998245614035087,186,5,random,sage,base,1
44,0.0,0.039361355490387745,249,3,random,sage,base,1
45,0.0,1.0,189,1,random,sage,base,1
46,0.0,0.011904761904761904,104,1,random,sage,base,1
47,0.0,0.3701923076923077,113,4,random,sage,base,1
48,0.8,0.9028571428571428,77,5,random,sage,base,1
49,0.8695652173913043,0.8165990575081484,84,11,random,sage,base,1
1,0.0,0.03605935127674258,333,3,random,sage,base,2
2,0.0,0.7666666666666666,162,3,random,sage,base,2
3,0.0,0.06060606060606061,193,2,random,sage,base,2
4,0.25,0.4505876068376068,224,6,random,sage,base,2
5,0.0,0.09090909090909091,289,1,random,sage,base,2
6,0.0,,77,0,random,sage,base,2
7,0.8,0.891520979020979,189,11,random,sage,base,2
8,0.8181818181818182,0.9230769230769229,181,13,random,sage,base,2
9,0.9552238805970149,0.9924065413305012,117,34,random,sage,base,2
10,1.0,1.0,134,1,random,sage,base,2
11,0.9444444444444444,0.9898989898989901,115,18,random,sage,base,2
12,0.8,1.0,59,3,random,sage,base,2
13,0.9320388349514563,0.9922038591776465,123,53,random,sage,base,2
14,0.9166666666666666,0.9536042240587697,65,11,random,sage,base,2
15,0.9545454545454546,0.9815724815724816,91,22,random,sage,base,2
16,0.9523809523809523,0.9945454545454546,93,22,random,sage,base,2
17,0.9375,0.9930555555555556,131,16,random,sage,base,2
18,1.0,1.0,52,7,random,sage,base,2
19,0.8666666666666667,0.9820586622807017,119,16,random,sage,base,2
20,0.8767123287671232,0.9676439768973697,136,40,random,sage,base,2
21,0.88,0.9901360544217687,89,14,random,sage,base,2
22,0.8695652173913043,0.9711894586894585,272,26,random,sage,base,2
23,0.8,0.8677780552780553,165,8,random,sage,base,2
24,0.9130434782608695,0.9679432624113475,176,25,random,sage,base,2
25,0.972972972972973,0.9999999999999998,90,19,random,sage,base,2
26,1.0,1.0000000000000002,71,9,random,sage,base,2
27,1.0,1.0,32,6,random,sage,base,2
28,0.967741935483871,1.0,41,16,random,sage,base,2
29,0.9574468085106383,0.9864531099560453,183,48,random,sage,base,2
30,0.9333333333333333,0.9875,82,16,random,sage,base,2
31,0.9629629629629629,0.9999999999999998,95,13,random,sage,base,2
32,0.9876543209876543,0.9973488865323435,188,41,random,sage,base,2
33,0.5,1.0,76,3,random,sage,base,2
34,0.9090909090909091,0.976190476190476,91,6,random,sage,base,2
35,0.9538461538461539,0.9882121739213767,197,33,random,sage,base,2
36,0.8888888888888888,1.0,260,4,random,sage,base,2
37,0.8571428571428571,1.0,71,4,random,sage,base,2
38,0.8888888888888888,0.9921568627450981,111,15,random,sage,base,2
39,0.9090909090909091,0.9935897435897435,189,12,random,sage,base,2
40,0.7619047619047619,0.813752052545156,164,12,random,sage,base,2
41,0.9302325581395349,0.9473019044447619,178,21,random,sage,base,2
42,0.8888888888888888,0.9418566469650059,279,19,random,sage,base,2
43,0.0,0.3,186,5,random,sage,base,2
44,0.0,0.13076923076923075,249,3,random,sage,base,2
45,0.0,1.0,189,1,random,sage,base,2
46,0.0,0.01282051282051282,104,1,random,sage,base,2
47,0.4,0.4988095238095238,113,4,random,sage,base,2
48,0.8,0.8314285714285714,77,5,random,sage,base,2
49,0.8695652173913043,0.8781463486008941,84,11,random,sage,base,2
1,0.0,0.03977314481987379,333,3,random,sage,base,3
2,0.5,0.6984126984126984,162,3,random,sage,base,3
3,0.0,0.06886792452830189,193,2,random,sage,base,3
4,0.4444444444444444,0.42947330447330445,224,6,random,sage,base,3
5,0.0,0.5,289,1,random,sage,base,3
6,0.0,,77,0,random,sage,base,3
7,0.9090909090909091,0.8927456382001836,189,11,random,sage,base,3
8,0.75,0.8994812725118562,181,13,random,sage,base,3
9,0.9565217391304348,0.9871774592189817,117,34,random,sage,base,3
10,1.0,1.0,134,1,random,sage,base,3
11,0.918918918918919,0.982905982905983,115,18,random,sage,base,3
12,1.0,1.0,59,3,random,sage,base,3
13,0.9622641509433962,0.9952869507777317,123,53,random,sage,base,3
14,0.9565217391304348,0.9649678604224059,65,11,random,sage,base,3
15,0.9545454545454546,0.9795063658700022,91,22,random,sage,base,3
16,0.9523809523809523,0.9801864801864801,93,22,random,sage,base,3
17,0.9411764705882353,1.0,131,16,random,sage,base,3
18,0.875,0.9999999999999998,52,7,random,sage,base,3
19,0.9032258064516129,0.9669706518971225,119,16,random,sage,base,3
20,0.8860759493670886,0.9730887369182653,136,40,random,sage,base,3
21,0.9285714285714286,0.9910714285714285,89,14,random,sage,base,3
22,0.9166666666666666,0.9618014464168309,272,26,random,sage,base,3
23,0.7777777777777778,0.8726076007326007,165,8,random,sage,base,3
24,0.9166666666666666,0.9582402775446253,176,25,random,sage,base,3
25,0.972972972972973,1.0,90,19,random,sage,base,3
26,1.0,1.0,71,9,random,sage,base,3
27,1.0,1.0,32,6,random,sage,base,3
28,1.0,1.0,41,16,random,sage,base,3
29,0.9484536082474226,0.9768088801011381,183,48,random,sage,base,3
30,0.875,0.9827786377708978,82,16,random,sage,base,3
31,0.9629629629629629,0.9999999999999998,95,13,random,sage,base,3
32,0.9512195121951219,0.9971755886390035,188,41,random,sage,base,3
33,0.5,1.0,76,3,random,sage,base,3
34,0.7692307692307693,0.9444444444444444,91,6,random,sage,base,3
35,0.9090909090909091,0.9821387621387621,197,33,random,sage,base,3
36,0.7272727272727273,1.0,260,4,random,sage,base,3
37,1.0,1.0,71,4,random,sage,base,3
38,0.9032258064516129,0.9888888888888889,111,15,random,sage,base,3
39,0.96,1.0,189,12,random,sage,base,3
40,0.8181818181818182,0.8480621868552903,164,12,random,sage,base,3
41,0.9523809523809523,0.9609279609279608,178,21,random,sage,base,3
42,0.8648648648648649,0.9279006339377853,279,19,random,sage,base,3
43,0.3333333333333333,0.5375438596491229,186,5,random,sage,base,3
44,0.0,0.028192913207204753,249,3,random,sage,base,3
45,0.0,0.16666666666666666,189,1,random,sage,base,3
46,0.0,0.011235955056179775,104,1,random,sage,base,3
47,0.0,0.5538949275362319,113,4,random,sage,base,3
48,0.8,0.8769230769230769,77,5,random,sage,base,3
49,0.8695652173913043,0.919055439509985,84,11,random,sage,base,3
1,0.0,0.04723337795626952,333,3,random,sage,base,4
2,0.5,1.0,162,3,random,sage,base,4
3,0.0,0.18627450980392157,193,2,random,sage,base,4
4,0.4444444444444444,0.6627136752136752,224,6,random,sage,base,4
5,0.0,0.5,289,1,random,sage,base,4
6,0.0,,77,0,random,sage,base,4
7,0.9523809523809523,0.9194001874414246,189,11,random,sage,base,4
8,0.8181818181818182,0.8834588722246701,181,13,random,sage,base,4
9,0.9552238805970149,0.9929128001467967,117,34,random,sage,base,4
10,1.0,1.0,134,1,random,sage,base,4
11,0.9444444444444444,0.9762844952795935,115,18,random,sage,base,4
12,1.0,1.0,59,3,random,sage,base,4
13,0.9615384615384616,0.9957141497630857,123,53,random,sage,base,4
14,0.9565217391304348,0.9406172110717566,65,11,random,sage,base,4
15,0.9333333333333333,0.9766135379771742,91,22,random,sage,base,4
16,0.9523809523809523,0.9716629711751661,93,22,random,sage,base,4
17,0.967741935483871,0.9930555555555556,131,16,random,sage,base,4
18,1.0,0.9999999999999998,52,7,random,sage,base,4
19,0.9032258064516129,0.9704173430735931,119,16,random,sage,base,4
20,0.8767123287671232,0.9641760060510062,136,40,random,sage,base,4
21,0.9629629629629629,0.9873949579831931,89,14,random,sage,base,4
22,0.8695652173913043,0.9460782611513923,272,26,random,sage,base,4
23,0.75,0.9105519480519481,165,8,random,sage,base,4
24,0.9361702127659575,0.9592742551566082,176,25,random,sage,base,4
25,0.9444444444444444,0.9807017543859649,90,19,random,sage,base,4
26,0.9473684210526315,1.0000000000000002,71,9,random,sage,base,4
27,1.0,1.0,32,6,random,sage,base,4
28,0.967741935483871,1.0,41,16,random,sage,base,4
29,0.9574468085106383,0.9778247617001128,183,48,random,sage,base,4
30,0.9333333333333333,0.985702614379085,82,16,random,sage,base,4
31,0.9629629629629629,0.9945054945054943,95,13,random,sage,base,4
32,0.975,0.9937330623306235,188,41,random,sage,base,4
33,0.5,1.0,76,3,random,sage,base,4
34,0.8333333333333334,0.9166666666666666,91,6,random,sage,base,4
35,0.9253731343283582,0.9782568330362447,197,33,random,sage,base,4
36,0.8888888888888888,1.0,260,4,random,sage,base,4
37,0.8888888888888888,1.0,71,4,random,sage,base,4
38,0.896551724137931,0.9796825396825397,111,15,random,sage,base,4
39,0.9090909090909091,1.0,189,12,random,sage,base,4
40,0.8181818181818182,0.8359199410989693,164,12,random,sage,base,4
41,0.95,0.9595473409489584,178,21,random,sage,base,4
42,0.8333333333333334,0.9160831322371978,279,19,random,sage,base,4
43,0.0,0.5888888888888889,186,5,random,sage,base,4
44,0.5,0.42074074074074075,249,3,random,sage,base,4
45,0.0,0.14285714285714285,189,1,random,sage,base,4
46,0.0,0.013333333333333334,104,1,random,sage,base,4
47,0.0,0.2822128851540616,113,4,random,sage,base,4
48,0.8888888888888888,0.9428571428571428,77,5,random,sage,base,4
49,0.8695652173913043,0.8478433182978639,84,11,random,sage,base,4
1,0.0,0.04843713595506996,333,3,random,sage,base_gfp,0
2,0.0,0.32857142857142857,162,3,random,sage,base_gfp,0
3,0.0,0.04726890756302521,193,2,random,sage,base_gfp,0
4,0.6,0.4869259664023979,224,6,random,sage,base_gfp,0
5,0.0,0.16666666666666666,289,1,random,sage,base_gfp,0
6,0.0,,77,0,random,sage,base_gfp,0
7,0.9523809523809523,0.924963924963925,189,11,random,sage,base_gfp,0
8,0.6666666666666666,0.8074774274526135,181,13,random,sage,base_gfp,0
9,0.9295774647887324,0.9699423398090671,117,34,random,sage,base_gfp,0
10,1.0,1.0,134,1,random,sage,base_gfp,0
11,0.918918918918919,0.9735229618163055,115,18,random,sage,base_gfp,0
12,1.0,1.0,59,3,random,sage,base_gfp,0
13,0.9532710280373832,0.9955543187916573,123,53,random,sage,base_gfp,0
14,0.9565217391304348,1.0,65,11,random,sage,base_gfp,0
15,0.9130434782608695,0.9762339110165197,91,22,random,sage,base_gfp,0
16,0.9302325581395349,0.9758198871835235,93,22,random,sage,base_gfp,0
17,0.9411764705882353,0.9924172794117647,131,16,random,sage,base_gfp,0
18,1.0,0.9999999999999998,52,7,random,sage,base_gfp,0
19,0.9375,0.9775943765664161,119,16,random,sage,base_gfp,0
20,0.9333333333333333,0.9903911115865546,136,40,random,sage,base_gfp,0
21,1.0,1.0,89,14,random,sage,base_gfp,0
22,0.9411764705882353,0.9835207100591714,272,26,random,sage,base_gfp,0
23,0.75,0.8630952380952381,165,8,random,sage,base_gfp,0
24,0.9361702127659575,0.9658974358974359,176,25,random,sage,base_gfp,0
25,0.9473684210526315,0.989293408960999,90,19,random,sage,base_gfp,0
26,1.0,1.0000000000000002,71,9,random,sage,base_gfp,0
27,1.0,1.0,32,6,random,sage,base_gfp,0
28,0.967741935483871,1.0,41,16,random,sage,base_gfp,0
29,0.9473684210526315,0.9885676257677648,183,48,random,sage,base_gfp,0
30,0.875,0.9718137254901961,82,16,random,sage,base_gfp,0
31,0.9629629629629629,0.9999999999999998,95,13,random,sage,base_gfp,0
32,0.9411764705882353,0.993466898954704,188,41,random,sage,base_gfp,0
33,0.5,0.8095238095238095,76,3,random,sage,base_gfp,0
34,0.6153846153846154,0.8617424242424241,91,6,random,sage,base_gfp,0
35,0.96875,0.9837837837837837,197,33,random,sage,base_gfp,0
36,0.8888888888888888,1.0,260,4,random,sage,base_gfp,0
37,1.0,1.0,71,4,random,sage,base_gfp,0
38,1.0,1.0,111,15,random,sage,base_gfp,0
39,1.0,1.0,189,12,random,sage,base_gfp,0
40,0.7619047619047619,0.8276057157636106,164,12,random,sage,base_gfp,0
41,0.9302325581395349,0.9614718614718615,178,21,random,sage,base_gfp,0
42,0.9230769230769231,0.9585783861097531,279,19,random,sage,base_gfp,0
43,0.3333333333333333,0.7223456790123457,186,5,random,sage,base_gfp,0
44,0.0,0.09407096171802054,249,3,random,sage,base_gfp,0
45,0.0,0.3333333333333333,189,1,random,sage,base_gfp,0
46,0.0,0.011494252873563218,104,1,random,sage,base_gfp,0
47,0.0,0.3247713879292827,113,4,random,sage,base_gfp,0
48,0.8,0.8188235294117647,77,5,random,sage,base_gfp,0
49,0.8181818181818182,0.7799828958919868,84,11,random,sage,base_gfp,0
1,0.0,0.09814814814814814,333,3,random,sage,base_gfp,1
2,0.5,0.7222222222222222,162,3,random,sage,base_gfp,1
3,0.0,0.140625,193,2,random,sage,base_gfp,1
4,0.25,0.4062440099674143,224,6,random,sage,base_gfp,1
5,0.0,0.16666666666666666,289,1,random,sage,base_gfp,1
6,0.0,,77,0,random,sage,base_gfp,1
7,0.9,0.9233766233766234,189,11,random,sage,base_gfp,1
8,0.6956521739130435,0.7998518021226544,181,13,random,sage,base_gfp,1
9,0.927536231884058,0.993724374529328,117,34,random,sage,base_gfp,1
10,1.0,1.0,134,1,random,sage,base_gfp,1
11,0.8888888888888888,0.9763213981244674,115,18,random,sage,base_gfp,1
12,0.8,1.0,59,3,random,sage,base_gfp,1
13,0.9523809523809523,0.9922165102230529,123,53,random,sage,base_gfp,1
14,0.9565217391304348,1.0,65,11,random,sage,base_gfp,1
15,0.9545454545454546,0.9909408773045137,91,22,random,sage,base_gfp,1
16,0.9302325581395349,0.9762888626524989,93,22,random,sage,base_gfp,1
17,0.9142857142857143,0.9770716619981326,131,16,random,sage,base_gfp,1
18,0.9333333333333333,1.0,52,7,random,sage,base_gfp,1
19,0.9032258064516129,0.9725818452380952,119,16,random,sage,base_gfp,1
20,0.918918918918919,0.9862613090665417,136,40,random,sage,base_gfp,1
21,0.9230769230769231,1.0,89,14,random,sage,base_gfp,1
22,0.9387755102040817,0.9985754985754984,272,26,random,sage,base_gfp,1
23,0.75,0.8373293373293373,165,8,random,sage,base_gfp,1
24,0.9166666666666666,0.9749876094919573,176,25,random,sage,base_gfp,1
25,0.972972972972973,0.9949874686716789,90,19,random,sage,base_gfp,1
26,0.9411764705882353,1.0000000000000002,71,9,random,sage,base_gfp,1
27,1.0,1.0,32,6,random,sage,base_gfp,1
28,0.967741935483871,1.0,41,16,random,sage,base_gfp,1
29,0.9473684210526315,0.9792878329678929,183,48,random,sage,base_gfp,1
30,0.875,0.9747023809523809,82,16,random,sage,base_gfp,1
31,0.896551724137931,0.9945054945054943,95,13,random,sage,base_gfp,1
32,0.9876543209876543,0.9889430894308942,188,41,random,sage,base_gfp,1
33,0.5,0.8333333333333333,76,3,random,sage,base_gfp,1
34,0.8333333333333334,0.8722222222222222,91,6,random,sage,base_gfp,1
35,0.9375,0.9839012291443581,197,33,random,sage,base_gfp,1
36,1.0,1.0,260,4,random,sage,base_gfp,1
37,1.0,1.0,71,4,random,sage,base_gfp,1
38,0.9375,0.9913888888888889,111,15,random,sage,base_gfp,1
39,0.8571428571428571,0.9999999999999999,189,12,random,sage,base_gfp,1
40,0.8,0.8398042929292928,164,12,random,sage,base_gfp,1
41,0.9302325581395349,0.9588090308587206,178,21,random,sage,base_gfp,1
42,0.8571428571428571,0.9268365425975391,279,19,random,sage,base_gfp,1
43,0.5714285714285714,0.6212765957446809,186,5,random,sage,base_gfp,1
44,0.0,0.0438140267927502,249,3,random,sage,base_gfp,1
45,0.0,0.3333333333333333,189,1,random,sage,base_gfp,1
46,0.0,0.011494252873563218,104,1,random,sage,base_gfp,1
47,0.4,0.5584811529933481,113,4,random,sage,base_gfp,1
48,0.7272727272727273,0.8166666666666667,77,5,random,sage,base_gfp,1
49,0.8695652173913043,0.8502459661550572,84,11,random,sage,base_gfp,1
1,0.0,0.057912457912457915,333,3,random,sage,base_gfp,2
2,0.5,0.6143790849673203,162,3,random,sage,base_gfp,2
3,0.0,0.06149425287356322,193,2,random,sage,base_gfp,2
4,0.4444444444444444,0.4624391981906621,224,6,random,sage,base_gfp,2
5,0.0,0.125,289,1,random,sage,base_gfp,2
6,0.0,,77,0,random,sage,base_gfp,2
7,0.9523809523809523,0.9226044226044225,189,11,random,sage,base_gfp,2
8,0.6666666666666666,0.7704527928212137,181,13,random,sage,base_gfp,2
9,0.9142857142857143,0.966408298224493,117,34,random,sage,base_gfp,2
10,1.0,1.0,134,1,random,sage,base_gfp,2
11,0.918918918918919,0.9797567175018156,115,18,random,sage,base_gfp,2
12,1.0,1.0,59,3,random,sage,base_gfp,2
13,0.9433962264150944,0.9965418814752887,123,53,random,sage,base_gfp,2
14,0.9565217391304348,1.0,65,11,random,sage,base_gfp,2
15,0.9545454545454546,0.9774538741116281,91,22,random,sage,base_gfp,2
16,0.9302325581395349,0.9869620974636648,93,22,random,sage,base_gfp,2
17,0.967741935483871,0.9809782608695652,131,16,random,sage,base_gfp,2
18,1.0,0.9999999999999998,52,7,random,sage,base_gfp,2
19,0.875,0.9615000808015515,119,16,random,sage,base_gfp,2
20,0.918918918918919,0.9839213072411744,136,40,random,sage,base_gfp,2
21,0.9230769230769231,1.0,89,14,random,sage,base_gfp,2
22,0.8571428571428571,0.9575994694960211,272,26,random,sage,base_gfp,2
23,0.6666666666666666,0.740224358974359,165,8,random,sage,base_gfp,2
24,0.9361702127659575,0.9598594311866623,176,25,random,sage,base_gfp,2
25,0.9473684210526315,0.9949874686716792,90,19,random,sage,base_gfp,2
26,0.8235294117647058,0.9674523007856342,71,9,random,sage,base_gfp,2
27,1.0,1.0,32,6,random,sage,base_gfp,2
28,0.967741935483871,1.0,41,16,random,sage,base_gfp,2
29,0.9361702127659575,0.9890023978368114,183,48,random,sage,base_gfp,2
30,0.967741935483871,0.9930555555555556,82,16,random,sage,base_gfp,2
31,0.896551724137931,0.9999999999999998,95,13,random,sage,base_gfp,2
32,0.9512195121951219,0.9911149825783971,188,41,random,sage,base_gfp,2
33,0.5,0.8666666666666667,76,3,random,sage,base_gfp,2
34,0.9090909090909091,0.9102564102564102,91,6,random,sage,base_gfp,2
35,0.9538461538461539,0.9843203375215569,197,33,random,sage,base_gfp,2
36,0.8888888888888888,1.0,260,4,random,sage,base_gfp,2
37,1.0,1.0,71,4,random,sage,base_gfp,2
38,0.9655172413793104,1.0,111,15,random,sage,base_gfp,2
39,0.8571428571428571,0.965277777777778,189,12,random,sage,base_gfp,2
40,0.8,0.8266955266955268,164,12,random,sage,base_gfp,2
41,0.9302325581395349,0.9620896902450302,178,21,random,sage,base_gfp,2
42,0.8888888888888888,0.9572993613419511,279,19,random,sage,base_gfp,2
43,0.5714285714285714,0.7766666666666666,186,5,random,sage,base_gfp,2
44,0.0,0.03861510059764073,249,3,random,sage,base_gfp,2
45,0.0,0.25,189,1,random,sage,base_gfp,2
46,0.0,0.011363636363636364,104,1,random,sage,base_gfp,2
47,0.0,0.22369985730141112,113,4,random,sage,base_gfp,2
48,0.7272727272727273,0.8714285714285714,77,5,random,sage,base_gfp,2
49,0.8695652173913043,0.8712592962592963,84,11,random,sage,base_gfp,2
1,0.0,0.05537098560354374,333,3,random,sage,base_gfp,3
2,0.5,0.6222222222222222,162,3,random,sage,base_gfp,3
3,0.0,0.13571428571428573,193,2,random,sage,base_gfp,3
4,0.2222222222222222,0.4399592027329253,224,6,random,sage,base_gfp,3
5,0.0,0.027777777777777776,289,1,random,sage,base_gfp,3
6,0.0,,77,0,random,sage,base_gfp,3
7,0.8571428571428571,0.8739505444050899,189,11,random,sage,base_gfp,3
8,0.7272727272727273,0.7179013765123026,181,13,random,sage,base_gfp,3
9,0.927536231884058,0.9215003166599371,117,34,random,sage,base_gfp,3
10,1.0,1.0,134,1,random,sage,base_gfp,3
11,0.918918918918919,0.9703321143272123,115,18,random,sage,base_gfp,3
12,1.0,1.0,59,3,random,sage,base_gfp,3
13,0.9615384615384616,0.9950337375644707,123,53,random,sage,base_gfp,3
14,0.9565217391304348,1.0,65,11,random,sage,base_gfp,3
15,0.9333333333333333,0.9902597402597402,91,22,random,sage,base_gfp,3
16,0.9302325581395349,0.977619912402521,93,22,random,sage,base_gfp,3
17,0.9696969696969697,1.0,131,16,random,sage,base_gfp,3
18,1.0,0.9999999999999998,52,7,random,sage,base_gfp,3
19,0.9032258064516129,0.9710839598997494,119,16,random,sage,base_gfp,3
20,0.918918918918919,0.9920325966584814,136,40,random,sage,base_gfp,3
21,0.88,0.9910714285714285,89,14,random,sage,base_gfp,3
22,0.9230769230769231,0.9944037444037443,272,26,random,sage,base_gfp,3
23,0.625,0.8484649122807019,165,8,random,sage,base_gfp,3
24,0.9130434782608695,0.9646856906534326,176,25,random,sage,base_gfp,3
25,0.9743589743589743,0.9973684210526316,90,19,random,sage,base_gfp,3
26,1.0,1.0000000000000002,71,9,random,sage,base_gfp,3
27,1.0,1.0,32,6,random,sage,base_gfp,3
28,0.896551724137931,1.0,41,16,random,sage,base_gfp,3
29,0.9361702127659575,0.9849924960527667,183,48,random,sage,base_gfp,3
30,0.9333333333333333,0.9790482954545454,82,16,random,sage,base_gfp,3
31,0.896551724137931,1.0,95,13,random,sage,base_gfp,3
32,0.975609756097561,0.9982706860534288,188,41,random,sage,base_gfp,3
33,0.5,0.8095238095238095,76,3,random,sage,base_gfp,3
34,0.7272727272727273,0.8541666666666666,91,6,random,sage,base_gfp,3
35,0.9393939393939394,0.9866277017486695,197,33,random,sage,base_gfp,3
36,1.0,1.0,260,4,random,sage,base_gfp,3
37,1.0,1.0,71,4,random,sage,base_gfp,3
38,0.967741935483871,0.9814987789987789,111,15,random,sage,base_gfp,3
39,1.0,1.0,189,12,random,sage,base_gfp,3
40,0.8181818181818182,0.8150018406894382,164,12,random,sage,base_gfp,3
41,0.9090909090909091,0.9555492816362381,178,21,random,sage,base_gfp,3
42,0.8947368421052632,0.9557958661836776,279,19,random,sage,base_gfp,3
43,0.5,0.5950980392156864,186,5,random,sage,base_gfp,3
44,0.0,0.0372510115157174,249,3,random,sage,base_gfp,3
45,0.0,0.047619047619047616,189,1,random,sage,base_gfp,3
46,0.0,0.011363636363636364,104,1,random,sage,base_gfp,3
47,0.4,0.38845208845208845,113,4,random,sage,base_gfp,3
48,0.8,0.8666666666666667,77,5,random,sage,base_gfp,3
49,0.8181818181818182,0.7778072937163847,84,11,random,sage,base_gfp,3
1,0.0,0.02617310226005878,333,3,random,sage,base_gfp,4
2,0.8,0.75,162,3,random,sage,base_gfp,4
3,0.0,0.11274509803921567,193,2,random,sage,base_gfp,4
4,0.4,0.4763051615445232,224,6,random,sage,base_gfp,4
5,0.0,0.09090909090909091,289,1,random,sage,base_gfp,4
6,0.0,,77,0,random,sage,base_gfp,4
7,0.8695652173913043,0.9078282828282829,189,11,random,sage,base_gfp,4
8,0.7692307692307693,0.8693026430582991,181,13,random,sage,base_gfp,4
9,0.927536231884058,0.9917241558785675,117,34,random,sage,base_gfp,4
10,1.0,1.0,134,1,random,sage,base_gfp,4
11,0.9473684210526315,0.9885964912280703,115,18,random,sage,base_gfp,4
12,1.0,1.0,59,3,random,sage,base_gfp,4
13,0.9532710280373832,0.9957808163369235,123,53,random,sage,base_gfp,4
14,0.9565217391304348,1.0,65,11,random,sage,base_gfp,4
15,0.9545454545454546,0.9836481700118065,91,22,random,sage,base_gfp,4
16,0.9302325581395349,0.9800046500813765,93,22,random,sage,base_gfp,4
17,0.9696969696969697,1.0,131,16,random,sage,base_gfp,4
18,1.0,0.9999999999999998,52,7,random,sage,base_gfp,4
19,0.875,0.9710839598997494,119,16,random,sage,base_gfp,4
20,0.8974358974358975,0.9781117728517299,136,40,random,sage,base_gfp,4
21,0.9629629629629629,1.0,89,14,random,sage,base_gfp,4
22,0.92,0.9847620328389559,272,26,random,sage,base_gfp,4
23,0.7058823529411765,0.835930735930736,165,8,random,sage,base_gfp,4
24,0.9166666666666666,0.9576161182910999,176,25,random,sage,base_gfp,4
25,0.9743589743589743,0.9973684210526315,90,19,random,sage,base_gfp,4
26,0.9473684210526315,0.9888888888888889,71,9,random,sage,base_gfp,4
27,1.0,1.0,32,6,random,sage,base_gfp,4
28,0.967741935483871,0.9963235294117647,41,16,random,sage,base_gfp,4
29,0.9583333333333334,0.9873774625769929,183,48,random,sage,base_gfp,4
30,0.9032258064516129,0.9827786377708978,82,16,random,sage,base_gfp,4
31,0.896551724137931,0.9945054945054943,95,13,random,sage,base_gfp,4
32,0.9411764705882353,0.9918020896518972,188,41,random,sage,base_gfp,4
33,0.8,0.8666666666666667,76,3,random,sage,base_gfp,4
34,0.7692307692307693,0.9166666666666666,91,6,random,sage,base_gfp,4
35,0.9014084507042254,0.9834591084591084,197,33,random,sage,base_gfp,4
36,0.6666666666666666,1.0,260,4,random,sage,base_gfp,4
37,0.8888888888888888,0.95,71,4,random,sage,base_gfp,4
38,0.9032258064516129,0.9877124183006536,111,15,random,sage,base_gfp,4
39,0.8695652173913043,0.9493686868686869,189,12,random,sage,base_gfp,4
40,0.75,0.8291379669456717,164,12,random,sage,base_gfp,4
41,0.8888888888888888,0.9535696689832027,178,21,random,sage,base_gfp,4
42,0.8205128205128205,0.9423558897243107,279,19,random,sage,base_gfp,4
43,0.75,0.6783333333333333,186,5,random,sage,base_gfp,4
44,0.0,0.20272904483430798,249,3,random,sage,base_gfp,4
45,0.0,0.0625,189,1,random,sage,base_gfp,4
46,0.0,0.011494252873563218,104,1,random,sage,base_gfp,4
47,0.3333333333333333,0.22702702702702704,113,4,random,sage,base_gfp,4
48,0.6666666666666666,0.8769230769230769,77,5,random,sage,base_gfp,4
49,0.8695652173913043,0.8375869080414536,84,11,random,sage,base_gfp,4
1,0.5,1.0,333,3,random,xgb,raw165,0
2,0.8571428571428571,1.0,162,3,random,xgb,raw165,0
3,1.0,1.0,193,2,random,xgb,raw165,0
4,1.0,1.0,224,6,random,xgb,raw165,0
5,0.0,1.0,289,1,random,xgb,raw165,0
6,0.0,,77,0,random,xgb,raw165,0
7,0.8461538461538461,0.9924242424242424,189,11,random,xgb,raw165,0
8,0.88,0.9564777327935221,181,13,random,xgb,raw165,0
9,0.9855072463768116,1.0,117,34,random,xgb,raw165,0
10,1.0,1.0,134,1,random,xgb,raw165,0
11,0.972972972972973,1.0,115,18,random,xgb,raw165,0
12,1.0,1.0,59,3,random,xgb,raw165,0
13,0.9906542056074766,1.0,123,53,random,xgb,raw165,0
14,1.0,1.0,65,11,random,xgb,raw165,0
15,1.0,1.0,91,22,random,xgb,raw165,0
16,0.9545454545454546,0.9789356984478934,93,22,random,xgb,raw165,0
17,1.0,1.0,131,16,random,xgb,raw165,0
18,1.0,0.9999999999999998,52,7,random,xgb,raw165,0
19,0.9375,0.9930555555555556,119,16,random,xgb,raw165,0
20,0.9620253164556962,0.996507760532151,136,40,random,xgb,raw165,0
21,1.0,1.0,89,14,random,xgb,raw165,0
22,0.9615384615384616,0.9960212201591512,272,26,random,xgb,raw165,0
23,0.8888888888888888,1.0,165,8,random,xgb,raw165,0
24,0.9795918367346939,0.9984615384615385,176,25,random,xgb,raw165,0
25,1.0,1.0,90,19,random,xgb,raw165,0
26,0.9473684210526315,1.0000000000000002,71,9,random,xgb,raw165,0
27,1.0,1.0,32,6,random,xgb,raw165,0
28,1.0,1.0,41,16,random,xgb,raw165,0
29,0.9795918367346939,0.9991408021541952,183,48,random,xgb,raw165,0
30,0.9696969696969697,0.9963235294117647,82,16,random,xgb,raw165,0
31,1.0,0.9999999999999998,95,13,random,xgb,raw165,0
32,0.9879518072289156,0.9994192799070849,188,41,random,xgb,raw165,0
33,0.8,0.9166666666666665,76,3,random,xgb,raw165,0
34,1.0,1.0,91,6,random,xgb,raw165,0
35,0.9696969696969697,0.9946319870256819,197,33,random,xgb,raw165,0
36,1.0,1.0,260,4,random,xgb,raw165,0
37,1.0,1.0,71,4,random,xgb,raw165,0
38,0.9655172413793104,1.0,111,15,random,xgb,raw165,0
39,1.0,1.0,189,12,random,xgb,raw165,0
40,0.8571428571428571,0.8944633408919125,164,12,random,xgb,raw165,0
41,0.9302325581395349,0.9780219780219781,178,21,random,xgb,raw165,0
42,0.8780487804878049,0.9880765988197036,279,19,random,xgb,raw165,0
43,0.5714285714285714,0.7859649122807018,186,5,random,xgb,raw165,0
44,0.3333333333333333,0.43333333333333335,249,3,random,xgb,raw165,0
45,1.0,1.0,189,1,random,xgb,raw165,0
46,1.0,1.0,104,1,random,xgb,raw165,0
47,0.6666666666666666,0.7636986301369864,113,4,random,xgb,raw165,0
48,0.9090909090909091,0.9666666666666666,77,5,random,xgb,raw165,0
49,1.0,1.0,84,11,random,xgb,raw165,0
1,0.5,1.0,333,3,random,xgb,raw165,1
2,0.8571428571428571,1.0,162,3,random,xgb,raw165,1
3,1.0,1.0,193,2,random,xgb,raw165,1
4,1.0,1.0,224,6,random,xgb,raw165,1
5,0.0,1.0,289,1,random,xgb,raw165,1
6,0.0,,77,0,random,xgb,raw165,1
7,0.8461538461538461,0.9924242424242424,189,11,random,xgb,raw165,1
8,0.88,0.9564777327935221,181,13,random,xgb,raw165,1
9,0.9855072463768116,1.0,117,34,random,xgb,raw165,1
10,1.0,1.0,134,1,random,xgb,raw165,1
11,0.972972972972973,1.0,115,18,random,xgb,raw165,1
12,1.0,1.0,59,3,random,xgb,raw165,1
13,0.9906542056074766,1.0,123,53,random,xgb,raw165,1
14,1.0,1.0,65,11,random,xgb,raw165,1
15,1.0,1.0,91,22,random,xgb,raw165,1
16,0.9545454545454546,0.9789356984478934,93,22,random,xgb,raw165,1
17,1.0,1.0,131,16,random,xgb,raw165,1
18,1.0,0.9999999999999998,52,7,random,xgb,raw165,1
19,0.9375,0.9930555555555556,119,16,random,xgb,raw165,1
20,0.9620253164556962,0.996507760532151,136,40,random,xgb,raw165,1
21,1.0,1.0,89,14,random,xgb,raw165,1
22,0.9615384615384616,0.9960212201591512,272,26,random,xgb,raw165,1
23,0.8888888888888888,1.0,165,8,random,xgb,raw165,1
24,0.9795918367346939,0.9984615384615385,176,25,random,xgb,raw165,1
25,1.0,1.0,90,19,random,xgb,raw165,1
26,0.9473684210526315,1.0000000000000002,71,9,random,xgb,raw165,1
27,1.0,1.0,32,6,random,xgb,raw165,1
28,1.0,1.0,41,16,random,xgb,raw165,1
29,0.9795918367346939,0.9991408021541952,183,48,random,xgb,raw165,1
30,0.9696969696969697,0.9963235294117647,82,16,random,xgb,raw165,1
31,1.0,0.9999999999999998,95,13,random,xgb,raw165,1
32,0.9879518072289156,0.9994192799070849,188,41,random,xgb,raw165,1
33,0.8,0.9166666666666665,76,3,random,xgb,raw165,1
34,1.0,1.0,91,6,random,xgb,raw165,1
35,0.9696969696969697,0.9946319870256819,197,33,random,xgb,raw165,1
36,1.0,1.0,260,4,random,xgb,raw165,1
37,1.0,1.0,71,4,random,xgb,raw165,1
38,0.9655172413793104,1.0,111,15,random,xgb,raw165,1
39,1.0,1.0,189,12,random,xgb,raw165,1
40,0.8571428571428571,0.8944633408919125,164,12,random,xgb,raw165,1
41,0.9302325581395349,0.9780219780219781,178,21,random,xgb,raw165,1
42,0.8780487804878049,0.9880765988197036,279,19,random,xgb,raw165,1
43,0.5714285714285714,0.7859649122807018,186,5,random,xgb,raw165,1
44,0.3333333333333333,0.43333333333333335,249,3,random,xgb,raw165,1
45,1.0,1.0,189,1,random,xgb,raw165,1
46,1.0,1.0,104,1,random,xgb,raw165,1
47,0.6666666666666666,0.7636986301369864,113,4,random,xgb,raw165,1
48,0.9090909090909091,0.9666666666666666,77,5,random,xgb,raw165,1
49,1.0,1.0,84,11,random,xgb,raw165,1
1,0.5,1.0,333,3,random,xgb,raw165,2
2,0.8571428571428571,1.0,162,3,random,xgb,raw165,2
3,1.0,1.0,193,2,random,xgb,raw165,2
4,1.0,1.0,224,6,random,xgb,raw165,2
5,0.0,1.0,289,1,random,xgb,raw165,2
6,0.0,,77,0,random,xgb,raw165,2
7,0.8461538461538461,0.9924242424242424,189,11,random,xgb,raw165,2
8,0.88,0.9564777327935221,181,13,random,xgb,raw165,2
9,0.9855072463768116,1.0,117,34,random,xgb,raw165,2
10,1.0,1.0,134,1,random,xgb,raw165,2
11,0.972972972972973,1.0,115,18,random,xgb,raw165,2
12,1.0,1.0,59,3,random,xgb,raw165,2
13,0.9906542056074766,1.0,123,53,random,xgb,raw165,2
14,1.0,1.0,65,11,random,xgb,raw165,2
15,1.0,1.0,91,22,random,xgb,raw165,2
16,0.9545454545454546,0.9789356984478934,93,22,random,xgb,raw165,2
17,1.0,1.0,131,16,random,xgb,raw165,2
18,1.0,0.9999999999999998,52,7,random,xgb,raw165,2
19,0.9375,0.9930555555555556,119,16,random,xgb,raw165,2
20,0.9620253164556962,0.996507760532151,136,40,random,xgb,raw165,2
21,1.0,1.0,89,14,random,xgb,raw165,2
22,0.9615384615384616,0.9960212201591512,272,26,random,xgb,raw165,2
23,0.8888888888888888,1.0,165,8,random,xgb,raw165,2
24,0.9795918367346939,0.9984615384615385,176,25,random,xgb,raw165,2
25,1.0,1.0,90,19,random,xgb,raw165,2
26,0.9473684210526315,1.0000000000000002,71,9,random,xgb,raw165,2
27,1.0,1.0,32,6,random,xgb,raw165,2
28,1.0,1.0,41,16,random,xgb,raw165,2
29,0.9795918367346939,0.9991408021541952,183,48,random,xgb,raw165,2
30,0.9696969696969697,0.9963235294117647,82,16,random,xgb,raw165,2
31,1.0,0.9999999999999998,95,13,random,xgb,raw165,2
32,0.9879518072289156,0.9994192799070849,188,41,random,xgb,raw165,2
33,0.8,0.9166666666666665,76,3,random,xgb,raw165,2
34,1.0,1.0,91,6,random,xgb,raw165,2
35,0.9696969696969697,0.9946319870256819,197,33,random,xgb,raw165,2
36,1.0,1.0,260,4,random,xgb,raw165,2
37,1.0,1.0,71,4,random,xgb,raw165,2
38,0.9655172413793104,1.0,111,15,random,xgb,raw165,2
39,1.0,1.0,189,12,random,xgb,raw165,2
40,0.8571428571428571,0.8944633408919125,164,12,random,xgb,raw165,2
41,0.9302325581395349,0.9780219780219781,178,21,random,xgb,raw165,2
42,0.8780487804878049,0.9880765988197036,279,19,random,xgb,raw165,2
43,0.5714285714285714,0.7859649122807018,186,5,random,xgb,raw165,2
44,0.3333333333333333,0.43333333333333335,249,3,random,xgb,raw165,2
45,1.0,1.0,189,1,random,xgb,raw165,2
46,1.0,1.0,104,1,random,xgb,raw165,2
47,0.6666666666666666,0.7636986301369864,113,4,random,xgb,raw165,2
48,0.9090909090909091,0.9666666666666666,77,5,random,xgb,raw165,2
49,1.0,1.0,84,11,random,xgb,raw165,2
1,0.5,1.0,333,3,random,xgb,raw165,3
2,0.8571428571428571,1.0,162,3,random,xgb,raw165,3
3,1.0,1.0,193,2,random,xgb,raw165,3
4,1.0,1.0,224,6,random,xgb,raw165,3
5,0.0,1.0,289,1,random,xgb,raw165,3
6,0.0,,77,0,random,xgb,raw165,3
7,0.8461538461538461,0.9924242424242424,189,11,random,xgb,raw165,3
8,0.88,0.9564777327935221,181,13,random,xgb,raw165,3
9,0.9855072463768116,1.0,117,34,random,xgb,raw165,3
10,1.0,1.0,134,1,random,xgb,raw165,3
11,0.972972972972973,1.0,115,18,random,xgb,raw165,3
12,1.0,1.0,59,3,random,xgb,raw165,3
13,0.9906542056074766,1.0,123,53,random,xgb,raw165,3
14,1.0,1.0,65,11,random,xgb,raw165,3
15,1.0,1.0,91,22,random,xgb,raw165,3
16,0.9545454545454546,0.9789356984478934,93,22,random,xgb,raw165,3
17,1.0,1.0,131,16,random,xgb,raw165,3
18,1.0,0.9999999999999998,52,7,random,xgb,raw165,3
19,0.9375,0.9930555555555556,119,16,random,xgb,raw165,3
20,0.9620253164556962,0.996507760532151,136,40,random,xgb,raw165,3
21,1.0,1.0,89,14,random,xgb,raw165,3
22,0.9615384615384616,0.9960212201591512,272,26,random,xgb,raw165,3
23,0.8888888888888888,1.0,165,8,random,xgb,raw165,3
24,0.9795918367346939,0.9984615384615385,176,25,random,xgb,raw165,3
25,1.0,1.0,90,19,random,xgb,raw165,3
26,0.9473684210526315,1.0000000000000002,71,9,random,xgb,raw165,3
27,1.0,1.0,32,6,random,xgb,raw165,3
28,1.0,1.0,41,16,random,xgb,raw165,3
29,0.9795918367346939,0.9991408021541952,183,48,random,xgb,raw165,3
30,0.9696969696969697,0.9963235294117647,82,16,random,xgb,raw165,3
31,1.0,0.9999999999999998,95,13,random,xgb,raw165,3
32,0.9879518072289156,0.9994192799070849,188,41,random,xgb,raw165,3
33,0.8,0.9166666666666665,76,3,random,xgb,raw165,3
34,1.0,1.0,91,6,random,xgb,raw165,3
35,0.9696969696969697,0.9946319870256819,197,33,random,xgb,raw165,3
36,1.0,1.0,260,4,random,xgb,raw165,3
37,1.0,1.0,71,4,random,xgb,raw165,3
38,0.9655172413793104,1.0,111,15,random,xgb,raw165,3
39,1.0,1.0,189,12,random,xgb,raw165,3
40,0.8571428571428571,0.8944633408919125,164,12,random,xgb,raw165,3
41,0.9302325581395349,0.9780219780219781,178,21,random,xgb,raw165,3
42,0.8780487804878049,0.9880765988197036,279,19,random,xgb,raw165,3
43,0.5714285714285714,0.7859649122807018,186,5,random,xgb,raw165,3
44,0.3333333333333333,0.43333333333333335,249,3,random,xgb,raw165,3
45,1.0,1.0,189,1,random,xgb,raw165,3
46,1.0,1.0,104,1,random,xgb,raw165,3
47,0.6666666666666666,0.7636986301369864,113,4,random,xgb,raw165,3
48,0.9090909090909091,0.9666666666666666,77,5,random,xgb,raw165,3
49,1.0,1.0,84,11,random,xgb,raw165,3
1,0.5,1.0,333,3,random,xgb,raw165,4
2,0.8571428571428571,1.0,162,3,random,xgb,raw165,4
3,1.0,1.0,193,2,random,xgb,raw165,4
4,1.0,1.0,224,6,random,xgb,raw165,4
5,0.0,1.0,289,1,random,xgb,raw165,4
6,0.0,,77,0,random,xgb,raw165,4
7,0.8461538461538461,0.9924242424242424,189,11,random,xgb,raw165,4
8,0.88,0.9564777327935221,181,13,random,xgb,raw165,4
9,0.9855072463768116,1.0,117,34,random,xgb,raw165,4
10,1.0,1.0,134,1,random,xgb,raw165,4
11,0.972972972972973,1.0,115,18,random,xgb,raw165,4
12,1.0,1.0,59,3,random,xgb,raw165,4
13,0.9906542056074766,1.0,123,53,random,xgb,raw165,4
14,1.0,1.0,65,11,random,xgb,raw165,4
15,1.0,1.0,91,22,random,xgb,raw165,4
16,0.9545454545454546,0.9789356984478934,93,22,random,xgb,raw165,4
17,1.0,1.0,131,16,random,xgb,raw165,4
18,1.0,0.9999999999999998,52,7,random,xgb,raw165,4
19,0.9375,0.9930555555555556,119,16,random,xgb,raw165,4
20,0.9620253164556962,0.996507760532151,136,40,random,xgb,raw165,4
21,1.0,1.0,89,14,random,xgb,raw165,4
22,0.9615384615384616,0.9960212201591512,272,26,random,xgb,raw165,4
23,0.8888888888888888,1.0,165,8,random,xgb,raw165,4
24,0.9795918367346939,0.9984615384615385,176,25,random,xgb,raw165,4
25,1.0,1.0,90,19,random,xgb,raw165,4
26,0.9473684210526315,1.0000000000000002,71,9,random,xgb,raw165,4
27,1.0,1.0,32,6,random,xgb,raw165,4
28,1.0,1.0,41,16,random,xgb,raw165,4
29,0.9795918367346939,0.9991408021541952,183,48,random,xgb,raw165,4
30,0.9696969696969697,0.9963235294117647,82,16,random,xgb,raw165,4
31,1.0,0.9999999999999998,95,13,random,xgb,raw165,4
32,0.9879518072289156,0.9994192799070849,188,41,random,xgb,raw165,4
33,0.8,0.9166666666666665,76,3,random,xgb,raw165,4
34,1.0,1.0,91,6,random,xgb,raw165,4
35,0.9696969696969697,0.9946319870256819,197,33,random,xgb,raw165,4
36,1.0,1.0,260,4,random,xgb,raw165,4
37,1.0,1.0,71,4,random,xgb,raw165,4
38,0.9655172413793104,1.0,111,15,random,xgb,raw165,4
39,1.0,1.0,189,12,random,xgb,raw165,4
40,0.8571428571428571,0.8944633408919125,164,12,random,xgb,raw165,4
41,0.9302325581395349,0.9780219780219781,178,21,random,xgb,raw165,4
42,0.8780487804878049,0.9880765988197036,279,19,random,xgb,raw165,4
43,0.5714285714285714,0.7859649122807018,186,5,random,xgb,raw165,4
44,0.3333333333333333,0.43333333333333335,249,3,random,xgb,raw165,4
45,1.0,1.0,189,1,random,xgb,raw165,4
46,1.0,1.0,104,1,random,xgb,raw165,4
47,0.6666666666666666,0.7636986301369864,113,4,random,xgb,raw165,4
48,0.9090909090909091,0.9666666666666666,77,5,random,xgb,raw165,4
49,1.0,1.0,84,11,random,xgb,raw165,4
38,0.9223300970873787,0.9644182373415753,756,111,temporal,xgb,base,0
39,0.8827586206896552,0.9486419235370729,1183,81,temporal,xgb,base,0
40,0.6956521739130435,0.7415094609722277,1211,112,temporal,xgb,base,0
41,0.9327354260089686,0.962061961842543,1132,116,temporal,xgb,base,0
42,0.8201438848920863,0.879240927239869,2154,239,temporal,xgb,base,0
43,0.0,0.026873648799676988,1370,24,temporal,xgb,base,0
44,0.05405405405405406,0.06015733642355732,1591,24,temporal,xgb,base,0
45,0.0,0.01822104129674639,1221,5,temporal,xgb,base,0
46,0.16666666666666666,0.5070422535211268,712,2,temporal,xgb,base,0
47,0.0,0.03832733705574253,846,22,temporal,xgb,base,0
48,0.0,0.12852868916941831,471,36,temporal,xgb,base,0
49,0.0,0.22875152624571563,476,56,temporal,xgb,base,0
38,0.9223300970873787,0.9644182373415753,756,111,temporal,xgb,base,1
39,0.8827586206896552,0.9486419235370729,1183,81,temporal,xgb,base,1
40,0.6956521739130435,0.7415094609722277,1211,112,temporal,xgb,base,1
41,0.9327354260089686,0.962061961842543,1132,116,temporal,xgb,base,1
42,0.8201438848920863,0.879240927239869,2154,239,temporal,xgb,base,1
43,0.0,0.026873648799676988,1370,24,temporal,xgb,base,1
44,0.05405405405405406,0.06015733642355732,1591,24,temporal,xgb,base,1
45,0.0,0.01822104129674639,1221,5,temporal,xgb,base,1
46,0.16666666666666666,0.5070422535211268,712,2,temporal,xgb,base,1
47,0.0,0.03832733705574253,846,22,temporal,xgb,base,1
48,0.0,0.12852868916941831,471,36,temporal,xgb,base,1
49,0.0,0.22875152624571563,476,56,temporal,xgb,base,1
38,0.9223300970873787,0.9644182373415753,756,111,temporal,xgb,base,2
39,0.8827586206896552,0.9486419235370729,1183,81,temporal,xgb,base,2
40,0.6956521739130435,0.7415094609722277,1211,112,temporal,xgb,base,2
41,0.9327354260089686,0.962061961842543,1132,116,temporal,xgb,base,2
42,0.8201438848920863,0.879240927239869,2154,239,temporal,xgb,base,2
43,0.0,0.026873648799676988,1370,24,temporal,xgb,base,2
44,0.05405405405405406,0.06015733642355732,1591,24,temporal,xgb,base,2
45,0.0,0.01822104129674639,1221,5,temporal,xgb,base,2
46,0.16666666666666666,0.5070422535211268,712,2,temporal,xgb,base,2
47,0.0,0.03832733705574253,846,22,temporal,xgb,base,2
48,0.0,0.12852868916941831,471,36,temporal,xgb,base,2
49,0.0,0.22875152624571563,476,56,temporal,xgb,base,2
38,0.9223300970873787,0.9644182373415753,756,111,temporal,xgb,base,3
39,0.8827586206896552,0.9486419235370729,1183,81,temporal,xgb,base,3
40,0.6956521739130435,0.7415094609722277,1211,112,temporal,xgb,base,3
41,0.9327354260089686,0.962061961842543,1132,116,temporal,xgb,base,3
42,0.8201438848920863,0.879240927239869,2154,239,temporal,xgb,base,3
43,0.0,0.026873648799676988,1370,24,temporal,xgb,base,3
44,0.05405405405405406,0.06015733642355732,1591,24,temporal,xgb,base,3
45,0.0,0.01822104129674639,1221,5,temporal,xgb,base,3
46,0.16666666666666666,0.5070422535211268,712,2,temporal,xgb,base,3
47,0.0,0.03832733705574253,846,22,temporal,xgb,base,3
48,0.0,0.12852868916941831,471,36,temporal,xgb,base,3
49,0.0,0.22875152624571563,476,56,temporal,xgb,base,3
38,0.9223300970873787,0.9644182373415753,756,111,temporal,xgb,base,4
39,0.8827586206896552,0.9486419235370729,1183,81,temporal,xgb,base,4
40,0.6956521739130435,0.7415094609722277,1211,112,temporal,xgb,base,4
41,0.9327354260089686,0.962061961842543,1132,116,temporal,xgb,base,4
42,0.8201438848920863,0.879240927239869,2154,239,temporal,xgb,base,4
43,0.0,0.026873648799676988,1370,24,temporal,xgb,base,4
44,0.05405405405405406,0.06015733642355732,1591,24,temporal,xgb,base,4
45,0.0,0.01822104129674639,1221,5,temporal,xgb,base,4
46,0.16666666666666666,0.5070422535211268,712,2,temporal,xgb,base,4
47,0.0,0.03832733705574253,846,22,temporal,xgb,base,4
48,0.0,0.12852868916941831,471,36,temporal,xgb,base,4
49,0.0,0.22875152624571563,476,56,temporal,xgb,base,4
38,0.9117647058823529,0.9573526464857718,756,111,temporal,xgb,base_gfp,0
39,0.8591549295774648,0.9419886983775043,1183,81,temporal,xgb,base_gfp,0
40,0.6745562130177515,0.7404852136848538,1211,112,temporal,xgb,base_gfp,0
41,0.9014084507042254,0.9505818745361571,1132,116,temporal,xgb,base_gfp,0
42,0.8029556650246306,0.8704932753715025,2154,239,temporal,xgb,base_gfp,0
43,0.0,0.021710984634709773,1370,24,temporal,xgb,base_gfp,0
44,0.06896551724137931,0.07788579653877692,1591,24,temporal,xgb,base_gfp,0
45,0.0,0.024355266922437342,1221,5,temporal,xgb,base_gfp,0
46,0.4,0.25662251655629137,712,2,temporal,xgb,base_gfp,0
47,0.0,0.029706075927019782,846,22,temporal,xgb,base_gfp,0
48,0.0,0.08325924370278584,471,36,temporal,xgb,base_gfp,0
49,0.03508771929824561,0.14020357858066365,476,56,temporal,xgb,base_gfp,0
38,0.9117647058823529,0.9573526464857718,756,111,temporal,xgb,base_gfp,1
39,0.8591549295774648,0.9419886983775043,1183,81,temporal,xgb,base_gfp,1
40,0.6745562130177515,0.7404852136848538,1211,112,temporal,xgb,base_gfp,1
41,0.9014084507042254,0.9505818745361571,1132,116,temporal,xgb,base_gfp,1
42,0.8029556650246306,0.8704932753715025,2154,239,temporal,xgb,base_gfp,1
43,0.0,0.021710984634709773,1370,24,temporal,xgb,base_gfp,1
44,0.06896551724137931,0.07788579653877692,1591,24,temporal,xgb,base_gfp,1
45,0.0,0.024355266922437342,1221,5,temporal,xgb,base_gfp,1
46,0.4,0.25662251655629137,712,2,temporal,xgb,base_gfp,1
47,0.0,0.029706075927019782,846,22,temporal,xgb,base_gfp,1
48,0.0,0.08325924370278584,471,36,temporal,xgb,base_gfp,1
49,0.03508771929824561,0.14020357858066365,476,56,temporal,xgb,base_gfp,1
38,0.9117647058823529,0.9573526464857718,756,111,temporal,xgb,base_gfp,2
39,0.8591549295774648,0.9419886983775043,1183,81,temporal,xgb,base_gfp,2
40,0.6745562130177515,0.7404852136848538,1211,112,temporal,xgb,base_gfp,2
41,0.9014084507042254,0.9505818745361571,1132,116,temporal,xgb,base_gfp,2
42,0.8029556650246306,0.8704932753715025,2154,239,temporal,xgb,base_gfp,2
43,0.0,0.021710984634709773,1370,24,temporal,xgb,base_gfp,2
44,0.06896551724137931,0.07788579653877692,1591,24,temporal,xgb,base_gfp,2
45,0.0,0.024355266922437342,1221,5,temporal,xgb,base_gfp,2
46,0.4,0.25662251655629137,712,2,temporal,xgb,base_gfp,2
47,0.0,0.029706075927019782,846,22,temporal,xgb,base_gfp,2
48,0.0,0.08325924370278584,471,36,temporal,xgb,base_gfp,2
49,0.03508771929824561,0.14020357858066365,476,56,temporal,xgb,base_gfp,2
38,0.9117647058823529,0.9573526464857718,756,111,temporal,xgb,base_gfp,3
39,0.8591549295774648,0.9419886983775043,1183,81,temporal,xgb,base_gfp,3
40,0.6745562130177515,0.7404852136848538,1211,112,temporal,xgb,base_gfp,3
41,0.9014084507042254,0.9505818745361571,1132,116,temporal,xgb,base_gfp,3
42,0.8029556650246306,0.8704932753715025,2154,239,temporal,xgb,base_gfp,3
43,0.0,0.021710984634709773,1370,24,temporal,xgb,base_gfp,3
44,0.06896551724137931,0.07788579653877692,1591,24,temporal,xgb,base_gfp,3
45,0.0,0.024355266922437342,1221,5,temporal,xgb,base_gfp,3
46,0.4,0.25662251655629137,712,2,temporal,xgb,base_gfp,3
47,0.0,0.029706075927019782,846,22,temporal,xgb,base_gfp,3
48,0.0,0.08325924370278584,471,36,temporal,xgb,base_gfp,3
49,0.03508771929824561,0.14020357858066365,476,56,temporal,xgb,base_gfp,3
38,0.9117647058823529,0.9573526464857718,756,111,temporal,xgb,base_gfp,4
39,0.8591549295774648,0.9419886983775043,1183,81,temporal,xgb,base_gfp,4
40,0.6745562130177515,0.7404852136848538,1211,112,temporal,xgb,base_gfp,4
41,0.9014084507042254,0.9505818745361571,1132,116,temporal,xgb,base_gfp,4
42,0.8029556650246306,0.8704932753715025,2154,239,temporal,xgb,base_gfp,4
43,0.0,0.021710984634709773,1370,24,temporal,xgb,base_gfp,4
44,0.06896551724137931,0.07788579653877692,1591,24,temporal,xgb,base_gfp,4
45,0.0,0.024355266922437342,1221,5,temporal,xgb,base_gfp,4
46,0.4,0.25662251655629137,712,2,temporal,xgb,base_gfp,4
47,0.0,0.029706075927019782,846,22,temporal,xgb,base_gfp,4
48,0.0,0.08325924370278584,471,36,temporal,xgb,base_gfp,4
49,0.03508771929824561,0.14020357858066365,476,56,temporal,xgb,base_gfp,4
38,0.8374384236453202,0.8991912078403165,756,111,temporal,sage,base,0
39,0.723404255319149,0.7844187610929627,1183,81,temporal,sage,base,0
40,0.6408839779005525,0.7051043614203854,1211,112,temporal,sage,base,0
41,0.7761194029850746,0.7594477462673852,1132,116,temporal,sage,base,0
42,0.8430913348946136,0.890272924694079,2154,239,temporal,sage,base,0
43,0.01694915254237288,0.026683601931811036,1370,24,temporal,sage,base,0
44,0.044444444444444446,0.052474284501060384,1591,24,temporal,sage,base,0
45,0.0,0.06453962113536582,1221,5,temporal,sage,base,0
46,0.0,0.009375545089830805,712,2,temporal,sage,base,0
47,0.0,0.06138065378471316,846,22,temporal,sage,base,0
48,0.0,0.2667420985317366,471,36,temporal,sage,base,0
49,0.034482758620689655,0.13406060015194454,476,56,temporal,sage,base,0
38,0.6629834254143646,0.830248845311618,756,111,temporal,sage,base,1
39,0.6666666666666666,0.7116885693136444,1183,81,temporal,sage,base,1
40,0.5,0.5892406563967827,1211,112,temporal,sage,base,1
41,0.7389162561576355,0.7679826528305583,1132,116,temporal,sage,base,1
42,0.8591549295774648,0.9057634797310075,2154,239,temporal,sage,base,1
43,0.0,0.02955844263582876,1370,24,temporal,sage,base,1
44,0.1,0.06939116903583673,1591,24,temporal,sage,base,1
45,0.0,0.02992151396911466,1221,5,temporal,sage,base,1
46,0.0,0.006256673072816571,712,2,temporal,sage,base,1
47,0.0,0.06832015006699507,846,22,temporal,sage,base,1
48,0.0,0.2502977094696309,471,36,temporal,sage,base,1
49,0.03278688524590164,0.125125982868856,476,56,temporal,sage,base,1
38,0.6292134831460674,0.8159549205523432,756,111,temporal,sage,base,2
39,0.746268656716418,0.8272544097396739,1183,81,temporal,sage,base,2
40,0.5714285714285714,0.6974340561040899,1211,112,temporal,sage,base,2
41,0.7352941176470589,0.7056101098443227,1132,116,temporal,sage,base,2
42,0.8433179723502304,0.8792622753981854,2154,239,temporal,sage,base,2
43,0.0,0.027140052623921274,1370,24,temporal,sage,base,2
44,0.05555555555555555,0.05421333038911988,1591,24,temporal,sage,base,2
45,0.0,0.01953383920750498,1221,5,temporal,sage,base,2
46,0.15384615384615385,0.09615384615384615,712,2,temporal,sage,base,2
47,0.0,0.06572228706009386,846,22,temporal,sage,base,2
48,0.0,0.2771751035461095,471,36,temporal,sage,base,2
49,0.034482758620689655,0.15572370012000925,476,56,temporal,sage,base,2
38,0.8465116279069768,0.9020716745250998,756,111,temporal,sage,base,3
39,0.782051282051282,0.8281233694378282,1183,81,temporal,sage,base,3
40,0.6051282051282051,0.6766141561464047,1211,112,temporal,sage,base,3
41,0.75,0.7695866428293484,1132,116,temporal,sage,base,3
42,0.8461538461538461,0.9046604169742506,2154,239,temporal,sage,base,3
43,0.012987012987012988,0.025830409609541808,1370,24,temporal,sage,base,3
44,0.04081632653061224,0.04852592235078364,1591,24,temporal,sage,base,3
45,0.0,0.032228133286044826,1221,5,temporal,sage,base,3
46,0.0,0.0058464431378780655,712,2,temporal,sage,base,3
47,0.0,0.05990483877884689,846,22,temporal,sage,base,3
48,0.0,0.2483524730280938,471,36,temporal,sage,base,3
49,0.03278688524590164,0.1406693594499176,476,56,temporal,sage,base,3
38,0.5828571428571429,0.7733966999584831,756,111,temporal,sage,base,4
39,0.6330935251798561,0.7168380382100505,1183,81,temporal,sage,base,4
40,0.6187845303867403,0.6168782458636727,1211,112,temporal,sage,base,4
41,0.7403846153846154,0.7427978830872505,1132,116,temporal,sage,base,4
42,0.8314606741573034,0.8819486707308882,2154,239,temporal,sage,base,4
43,0.0,0.02774263137318754,1370,24,temporal,sage,base,4
44,0.047619047619047616,0.04660514735664036,1591,24,temporal,sage,base,4
45,0.0,0.01909818934848544,1221,5,temporal,sage,base,4
46,0.08,0.135752688172043,712,2,temporal,sage,base,4
47,0.0,0.05858148886130591,846,22,temporal,sage,base,4
48,0.0,0.28133757175515717,471,36,temporal,sage,base,4
49,0.03278688524590164,0.1573847107387291,476,56,temporal,sage,base,4
38,0.7395833333333334,0.8259514838538495,756,111,temporal,sage,base_gfp,0
39,0.5594405594405595,0.6001087229577122,1183,81,temporal,sage,base_gfp,0
40,0.5402298850574713,0.6418262197124862,1211,112,temporal,sage,base_gfp,0
41,0.6822429906542056,0.687182469671733,1132,116,temporal,sage,base_gfp,0
42,0.8144796380090498,0.8848451834673959,2154,239,temporal,sage,base_gfp,0
43,0.015503875968992248,0.0332819978575471,1370,24,temporal,sage,base_gfp,0
44,0.03571428571428571,0.058482554353804624,1591,24,temporal,sage,base_gfp,0
45,0.0,0.014748734686424767,1221,5,temporal,sage,base_gfp,0
46,0.06666666666666667,0.5125,712,2,temporal,sage,base_gfp,0
47,0.0,0.07366307446102241,846,22,temporal,sage,base_gfp,0
48,0.0,0.25395764563142054,471,36,temporal,sage,base_gfp,0
49,0.030303030303030304,0.1559489827458226,476,56,temporal,sage,base_gfp,0
38,0.6703296703296703,0.8060734759731604,756,111,temporal,sage,base_gfp,1
39,0.43859649122807015,0.5589528042184162,1183,81,temporal,sage,base_gfp,1
40,0.5465116279069767,0.6499089481321556,1211,112,temporal,sage,base_gfp,1
41,0.625,0.6830609307748586,1132,116,temporal,sage,base_gfp,1
42,0.7942583732057417,0.8678958125545814,2154,239,temporal,sage,base_gfp,1
43,0.0,0.03617677586568409,1370,24,temporal,sage,base_gfp,1
44,0.041666666666666664,0.04298134546895722,1591,24,temporal,sage,base_gfp,1
45,0.0,0.015313326737239782,1221,5,temporal,sage,base_gfp,1
46,0.0,0.028067484662576688,712,2,temporal,sage,base_gfp,1
47,0.0,0.04230009923372289,846,22,temporal,sage,base_gfp,1
48,0.0,0.23681942055028773,471,36,temporal,sage,base_gfp,1
49,0.03333333333333333,0.11637383673385251,476,56,temporal,sage,base_gfp,1
38,0.7562189054726368,0.8345190162240507,756,111,temporal,sage,base_gfp,2
39,0.5891472868217055,0.632629576965667,1183,81,temporal,sage,base_gfp,2
40,0.5443786982248521,0.6510038592845444,1211,112,temporal,sage,base_gfp,2
41,0.7317073170731707,0.7816017351070106,1132,116,temporal,sage,base_gfp,2
42,0.8100686498855835,0.8809134850402616,2154,239,temporal,sage,base_gfp,2
43,0.0,0.03377821624142935,1370,24,temporal,sage,base_gfp,2
44,0.0392156862745098,0.07780905015679271,1591,24,temporal,sage,base_gfp,2
45,0.15384615384615385,0.052517571052092135,1221,5,temporal,sage,base_gfp,2
46,0.0,0.0072123893805309735,712,2,temporal,sage,base_gfp,2
47,0.0,0.05501639092938446,846,22,temporal,sage,base_gfp,2
48,0.0,0.3125479546277203,471,36,temporal,sage,base_gfp,2
49,0.03125,0.15219562834536104,476,56,temporal,sage,base_gfp,2
38,0.6162790697674418,0.7890747945386032,756,111,temporal,sage,base_gfp,3
39,0.4696969696969697,0.5428452364505384,1183,81,temporal,sage,base_gfp,3
40,0.5443786982248521,0.6466822807903496,1211,112,temporal,sage,base_gfp,3
41,0.6700507614213198,0.709446534103541,1132,116,temporal,sage,base_gfp,3
42,0.8259860788863109,0.8963957240697397,2154,239,temporal,sage,base_gfp,3
43,0.0,0.04131659979552433,1370,24,temporal,sage,base_gfp,3
44,0.03636363636363636,0.07530869347516342,1591,24,temporal,sage,base_gfp,3
45,0.0,0.017243461648993926,1221,5,temporal,sage,base_gfp,3
46,0.0,0.008562567421790722,712,2,temporal,sage,base_gfp,3
47,0.0,0.056835119761493684,846,22,temporal,sage,base_gfp,3
48,0.0,0.22361412959952964,471,36,temporal,sage,base_gfp,3
49,0.03125,0.1035116587230763,476,56,temporal,sage,base_gfp,3
38,0.7384615384615385,0.8018344887821439,756,111,temporal,sage,base_gfp,4
39,0.5594405594405595,0.6253326608288823,1183,81,temporal,sage,base_gfp,4
40,0.6067415730337079,0.6819808865403602,1211,112,temporal,sage,base_gfp,4
41,0.6981132075471698,0.6775692196552746,1132,116,temporal,sage,base_gfp,4
42,0.8314606741573034,0.888679482007795,2154,239,temporal,sage,base_gfp,4
43,0.031746031746031744,0.034247625861627995,1370,24,temporal,sage,base_gfp,4
44,0.03225806451612903,0.0761536035329733,1591,24,temporal,sage,base_gfp,4
45,0.0,0.012449677032056808,1221,5,temporal,sage,base_gfp,4
46,0.0,0.012592592592592593,712,2,temporal,sage,base_gfp,4
47,0.0,0.06243522181303131,846,22,temporal,sage,base_gfp,4
48,0.0,0.2651743180876502,471,36,temporal,sage,base_gfp,4
49,0.03225806451612903,0.13816909986412945,476,56,temporal,sage,base_gfp,4
38,0.9433962264150944,0.9530098685519897,756,111,temporal,xgb,raw165,0
39,0.9411764705882353,0.9606609062704328,1183,81,temporal,xgb,raw165,0
40,0.7675675675675676,0.766213520012283,1211,112,temporal,xgb,raw165,0
41,0.954954954954955,0.9632180321105128,1132,116,temporal,xgb,raw165,0
42,0.8744186046511628,0.8820983612441717,2154,239,temporal,xgb,raw165,0
43,0.0,0.03899695186070245,1370,24,temporal,xgb,raw165,0
44,0.06451612903225806,0.03903661267741093,1591,24,temporal,xgb,raw165,0
45,0.0,0.009398493041640962,1221,5,temporal,xgb,raw165,0
46,0.25,0.5064102564102564,712,2,temporal,xgb,raw165,0
47,0.0,0.04544025552904982,846,22,temporal,xgb,raw165,0
48,0.0,0.19828332350450614,471,36,temporal,xgb,raw165,0
49,0.03333333333333333,0.20151491417692885,476,56,temporal,xgb,raw165,0
38,0.9433962264150944,0.9530098685519897,756,111,temporal,xgb,raw165,1
39,0.9411764705882353,0.9606609062704328,1183,81,temporal,xgb,raw165,1
40,0.7675675675675676,0.766213520012283,1211,112,temporal,xgb,raw165,1
41,0.954954954954955,0.9632180321105128,1132,116,temporal,xgb,raw165,1
42,0.8744186046511628,0.8820983612441717,2154,239,temporal,xgb,raw165,1
43,0.0,0.03899695186070245,1370,24,temporal,xgb,raw165,1
44,0.06451612903225806,0.03903661267741093,1591,24,temporal,xgb,raw165,1
45,0.0,0.009398493041640962,1221,5,temporal,xgb,raw165,1
46,0.25,0.5064102564102564,712,2,temporal,xgb,raw165,1
47,0.0,0.04544025552904982,846,22,temporal,xgb,raw165,1
48,0.0,0.19828332350450614,471,36,temporal,xgb,raw165,1
49,0.03333333333333333,0.20151491417692885,476,56,temporal,xgb,raw165,1
38,0.9433962264150944,0.9530098685519897,756,111,temporal,xgb,raw165,2
39,0.9411764705882353,0.9606609062704328,1183,81,temporal,xgb,raw165,2
40,0.7675675675675676,0.766213520012283,1211,112,temporal,xgb,raw165,2
41,0.954954954954955,0.9632180321105128,1132,116,temporal,xgb,raw165,2
42,0.8744186046511628,0.8820983612441717,2154,239,temporal,xgb,raw165,2
43,0.0,0.03899695186070245,1370,24,temporal,xgb,raw165,2
44,0.06451612903225806,0.03903661267741093,1591,24,temporal,xgb,raw165,2
45,0.0,0.009398493041640962,1221,5,temporal,xgb,raw165,2
46,0.25,0.5064102564102564,712,2,temporal,xgb,raw165,2
47,0.0,0.04544025552904982,846,22,temporal,xgb,raw165,2
48,0.0,0.19828332350450614,471,36,temporal,xgb,raw165,2
49,0.03333333333333333,0.20151491417692885,476,56,temporal,xgb,raw165,2
38,0.9433962264150944,0.9530098685519897,756,111,temporal,xgb,raw165,3
39,0.9411764705882353,0.9606609062704328,1183,81,temporal,xgb,raw165,3
40,0.7675675675675676,0.766213520012283,1211,112,temporal,xgb,raw165,3
41,0.954954954954955,0.9632180321105128,1132,116,temporal,xgb,raw165,3
42,0.8744186046511628,0.8820983612441717,2154,239,temporal,xgb,raw165,3
43,0.0,0.03899695186070245,1370,24,temporal,xgb,raw165,3
44,0.06451612903225806,0.03903661267741093,1591,24,temporal,xgb,raw165,3
45,0.0,0.009398493041640962,1221,5,temporal,xgb,raw165,3
46,0.25,0.5064102564102564,712,2,temporal,xgb,raw165,3
47,0.0,0.04544025552904982,846,22,temporal,xgb,raw165,3
48,0.0,0.19828332350450614,471,36,temporal,xgb,raw165,3
49,0.03333333333333333,0.20151491417692885,476,56,temporal,xgb,raw165,3
38,0.9433962264150944,0.9530098685519897,756,111,temporal,xgb,raw165,4
39,0.9411764705882353,0.9606609062704328,1183,81,temporal,xgb,raw165,4
40,0.7675675675675676,0.766213520012283,1211,112,temporal,xgb,raw165,4
41,0.954954954954955,0.9632180321105128,1132,116,temporal,xgb,raw165,4
42,0.8744186046511628,0.8820983612441717,2154,239,temporal,xgb,raw165,4
43,0.0,0.03899695186070245,1370,24,temporal,xgb,raw165,4
44,0.06451612903225806,0.03903661267741093,1591,24,temporal,xgb,raw165,4
45,0.0,0.009398493041640962,1221,5,temporal,xgb,raw165,4
46,0.25,0.5064102564102564,712,2,temporal,xgb,raw165,4
47,0.0,0.04544025552904982,846,22,temporal,xgb,raw165,4
48,0.0,0.19828332350450614,471,36,temporal,xgb,raw165,4
49,0.03333333333333333,0.20151491417692885,476,56,temporal,xgb,raw165,4
