run_id,experiment_id,status,artifact_uri,start_time,end_time,metrics.ts_val_f1,metrics.ts_val_pr_auc,metrics.best_iteration,metrics.diag_n_pos,metrics.val_pr_auc,metrics.test_f1,metrics.threshold,metrics.fit_seconds,metrics.diag_n,metrics.val_f1,metrics.ts_threshold,metrics.diag_precision,metrics.diag_recall,metrics.ts_f1,metrics.ts_best_iteration,metrics.ts_pr_auc,metrics.test_roc_auc,metrics.test_pr_auc,metrics.test_p_at_r50,metrics.test_p_at_r80,params.model.patience,params.model.epochs,params.sampler,params.seed,params.device,params.model.weight_decay,params.model.layers,params.trial0_source,params.model.undirected,params.trials_completed,params.model.hidden,params.model.dropout,params.model.lr,params.model.early_stopping_rounds,params.model.n_estimators,params.feature_version,params.seeds,params.total_fits,params.dataset_version,tags.features,tags.mlflow.runName,tags.git_commit,tags.dataset,tags.mlflow.parentRunId,tags.mlflow.user,tags.mlflow.source.name,tags.model,tags.regime,tags.mlflow.source.type,tags.feature_version,tags.split_hash,tags.dataset_version,tags.kind
1dc636bed17840a7bae9de6e3869637b,5,FINISHED,/home/abhinawap/StudySes/mulegraph/mlruns/5/1dc636bed17840a7bae9de6e3869637b/artifacts,2026-09-19 07:52:54.272000+00:00,2026-09-19 07:52:54.510000+00:00,0.18666666666666665,0.11053170664405886,12.0,828.0,0.11053170664405886,0.6102150537634409,0.492134153842926,187.38091532400722,13123.0,0.18666666666666665,0.492134153842926,0.6878787878787879,0.5483091787439613,0.12121212121212122,12.0,0.19184436507262415,,,,,20,200,neighbor,4,cuda,0.0,2,sage_default_2x64,True,0,64,0.2,0.001,,,,,,,base_gfp,temporal_rolling.sage.base_gfp.s4,46f9771,elliptic_pp,aaa3f7164eac4395b5668a06b89ee3a6,abhinawap,/home/abhinawap/StudySes/mulegraph/.venv/bin/mulegraph,sage,temporal_rolling,LOCAL,a22c7accccccd0ed,46a65966a3a2e489,2023.1,child
cc4e4de339fd4521a6d564f689291aa8,5,FINISHED,/home/abhinawap/StudySes/mulegraph/mlruns/5/cc4e4de339fd4521a6d564f689291aa8/artifacts,2026-09-19 07:49:57.468000+00:00,2026-09-19 07:49:57.691000+00:00,0.17112299465240643,0.08415704642191094,1.0,828.0,0.08415704642191094,0.5548216644649934,0.4252834916114807,183.99663437299932,13123.0,0.17112299465240643,0.4252834916114807,0.6122448979591837,0.5072463768115942,0.06896551724137931,1.0,0.08256732815785513,,,,,20,200,neighbor,3,cuda,0.0,2,sage_default_2x64,True,0,64,0.2,0.001,,,,,,,base_gfp,temporal_rolling.sage.base_gfp.s3,46f9771,elliptic_pp,aaa3f7164eac4395b5668a06b89ee3a6,abhinawap,/home/abhinawap/StudySes/mulegraph/.venv/bin/mulegraph,sage,temporal_rolling,LOCAL,a22c7accccccd0ed,46a65966a3a2e489,2023.1,child
215b18a6fc8f4a61a19111ba4e56b25b,5,FINISHED,/home/abhinawap/StudySes/mulegraph/mlruns/5/215b18a6fc8f4a61a19111ba4e56b25b/artifacts,2026-09-19 07:47:04.015000+00:00,2026-09-19 07:47:04.270000+00:00,0.22695035460992907,0.12031060445316247,2.0,828.0,0.12031060445316247,0.6258596973865199,0.8392929434776306,214.8253198530001,13123.0,0.22695035460992907,0.8392929434776306,0.7268370607028753,0.5495169082125604,0.10810810810810811,2.0,0.14446564118419575,,,,,20,200,neighbor,2,cuda,0.0,2,sage_default_2x64,True,0,64,0.2,0.001,,,,,,,base_gfp,temporal_rolling.sage.base_gfp.s2,46f9771,elliptic_pp,aaa3f7164eac4395b5668a06b89ee3a6,abhinawap,/home/abhinawap/StudySes/mulegraph/.venv/bin/mulegraph,sage,temporal_rolling,LOCAL,a22c7accccccd0ed,46a65966a3a2e489,2023.1,child
74a6802d52b843e88cf0fa6d17d367e2,5,FINISHED,/home/abhinawap/StudySes/mulegraph/mlruns/5/74a6802d52b843e88cf0fa6d17d367e2/artifacts,2026-09-19 07:43:39.855000+00:00,2026-09-19 07:43:40.085000+00:00,0.163265306122449,0.08103358095752314,1.0,828.0,0.08103358095752314,0.5767195767195767,0.3939903676509857,174.60380106999764,13123.0,0.163265306122449,0.3939903676509857,0.6374269005847953,0.5265700483091788,0.09929078014184398,1.0,0.08538844995935528,,,,,20,200,neighbor,1,cuda,0.0,2,sage_default_2x64,True,0,64,0.2,0.001,,,,,,,base_gfp,temporal_rolling.sage.base_gfp.s1,46f9771,elliptic_pp,aaa3f7164eac4395b5668a06b89ee3a6,abhinawap,/home/abhinawap/StudySes/mulegraph/.venv/bin/mulegraph,sage,temporal_rolling,LOCAL,a22c7accccccd0ed,46a65966a3a2e489,2023.1,child
2cdb1e920aa744a384e440ea42b4aa4b,5,FINISHED,/home/abhinawap/StudySes/mulegraph/mlruns/5/2cdb1e920aa744a384e440ea42b4aa4b/artifacts,2026-09-19 07:40:55.864000+00:00,2026-09-19 07:40:56.109000+00:00,0.22695035460992907,0.12315890401205687,1.0,828.0,0.12315890401205687,0.6143154968728284,0.7672891616821289,162.3569082840022,13123.0,0.22695035460992907,0.7672891616821289,0.723404255319149,0.533816425120773,0.08108108108108109,1.0,0.09436074056003486,,,,,20,200,neighbor,0,cuda,0.0,2,sage_default_2x64,True,0,64,0.2,0.001,,,,,,,base_gfp,temporal_rolling.sage.base_gfp.s0,46f9771,elliptic_pp,aaa3f7164eac4395b5668a06b89ee3a6,abhinawap,/home/abhinawap/StudySes/mulegraph/.venv/bin/mulegraph,sage,temporal_rolling,LOCAL,a22c7accccccd0ed,46a65966a3a2e489,2023.1,child
ec59950344c94dc9b6bd138a70129698,5,FINISHED,/home/abhinawap/StudySes/mulegraph/mlruns/5/ec59950344c94dc9b6bd138a70129698/artifacts,2026-09-19 07:38:21.598000+00:00,2026-09-19 07:38:21.845000+00:00,0.19444444444444445,0.08908408666914258,1.0,828.0,0.08908408666914258,0.5707006369426751,0.466256707906723,180.2751180819996,13123.0,0.19444444444444445,0.466256707906723,0.6037735849056604,0.5410628019323671,0.043795620437956206,1.0,0.0703299373556299,,,,,20,200,neighbor,4,cuda,0.0,2,sage_default_2x64,True,0,64,0.2,0.001,,,,,,,base,temporal_rolling.sage.base.s4,46f9771,elliptic_pp,aaa3f7164eac4395b5668a06b89ee3a6,abhinawap,/home/abhinawap/StudySes/mulegraph/.venv/bin/mulegraph,sage,temporal_rolling,LOCAL,none,46a65966a3a2e489,2023.1,child
ccbc46e2aad74b698073565c95ecf140,5,FINISHED,/home/abhinawap/StudySes/mulegraph/mlruns/5/ccbc46e2aad74b698073565c95ecf140/artifacts,2026-09-19 07:35:32.808000+00:00,2026-09-19 07:35:33.049000+00:00,0.2474916387959866,0.1163747640383978,42.0,828.0,0.1163747640383978,0.6193029490616622,0.16863125562667847,243.67510850500003,13123.0,0.2474916387959866,0.16863125562667847,0.6957831325301205,0.5579710144927537,0.11290322580645161,42.0,0.1977093307298775,,,,,20,200,neighbor,3,cuda,0.0,2,sage_default_2x64,True,0,64,0.2,0.001,,,,,,,base,temporal_rolling.sage.base.s3,46f9771,elliptic_pp,aaa3f7164eac4395b5668a06b89ee3a6,abhinawap,/home/abhinawap/StudySes/mulegraph/.venv/bin/mulegraph,sage,temporal_rolling,LOCAL,none,46a65966a3a2e489,2023.1,child
8b83c8c312884b779f44275a9312f2b9,5,FINISHED,/home/abhinawap/StudySes/mulegraph/mlruns/5/8b83c8c312884b779f44275a9312f2b9/artifacts,2026-09-19 07:31:45.492000+00:00,2026-09-19 07:31:45.718000+00:00,0.17307692307692307,0.07657008489658486,1.0,828.0,0.07657008489658486,0.5881570192947438,0.3363286852836609,234.2846644209967,13123.0,0.17307692307692307,0.3363286852836609,0.6548148148148148,0.533816425120773,0.0641025641025641,1.0,0.0714049245125539,,,,,20,200,neighbor,2,cuda,0.0,2,sage_default_2x64,True,0,64,0.2,0.001,,,,,,,base,temporal_rolling.sage.base.s2,46f9771,elliptic_pp,aaa3f7164eac4395b5668a06b89ee3a6,abhinawap,/home/abhinawap/StudySes/mulegraph/.venv/bin/mulegraph,sage,temporal_rolling,LOCAL,none,46a65966a3a2e489,2023.1,child
1cb7f18f94744b468a0446cbc94d7032,5,FINISHED,/home/abhinawap/StudySes/mulegraph/mlruns/5/1cb7f18f94744b468a0446cbc94d7032/artifacts,2026-09-19 07:28:05.163000+00:00,2026-09-19 07:28:05.382000+00:00,0.32231404958677684,0.17166646638638822,69.0,828.0,0.17166646638638822,0.6084656084656085,0.1972271203994751,249.78617743199538,13123.0,0.32231404958677684,0.1972271203994751,0.672514619883041,0.5555555555555556,0.0784313725490196,69.0,0.1596055628114543,,,,,20,200,neighbor,1,cuda,0.0,2,sage_default_2x64,True,0,64,0.2,0.001,,,,,,,base,temporal_rolling.sage.base.s1,46f9771,elliptic_pp,aaa3f7164eac4395b5668a06b89ee3a6,abhinawap,/home/abhinawap/StudySes/mulegraph/.venv/bin/mulegraph,sage,temporal_rolling,LOCAL,none,46a65966a3a2e489,2023.1,child
cdf729f79a5d4038b5bad010aad6baaf,5,FINISHED,/home/abhinawap/StudySes/mulegraph/mlruns/5/cdf729f79a5d4038b5bad010aad6baaf/artifacts,2026-09-19 07:24:11.819000+00:00,2026-09-19 07:24:12.049000+00:00,0.26200873362445415,0.16492187590775695,72.0,828.0,0.16492187590775695,0.6201859229747676,0.19972658157348633,208.33712660199672,13123.0,0.26200873362445415,0.19972658157348633,0.6887905604719764,0.5640096618357487,0.041237113402061855,72.0,0.17888476429095812,,,,,20,200,neighbor,0,cuda,0.0,2,sage_default_2x64,True,0,64,0.2,0.001,,,,,,,base,temporal_rolling.sage.base.s0,46f9771,elliptic_pp,aaa3f7164eac4395b5668a06b89ee3a6,abhinawap,/home/abhinawap/StudySes/mulegraph/.venv/bin/mulegraph,sage,temporal_rolling,LOCAL,none,46a65966a3a2e489,2023.1,child
fa3ea00995e1423c8ec8f099882811d0,5,FINISHED,/home/abhinawap/StudySes/mulegraph/mlruns/5/fa3ea00995e1423c8ec8f099882811d0/artifacts,2026-09-19 07:20:54.934000+00:00,2026-09-19 07:20:55.151000+00:00,0.2405498281786942,0.13701365162156806,130.0,828.0,0.13701365162156806,0.7386215864759428,0.012026716955006123,9.301164403997973,13123.0,0.2405498281786942,0.012026716955006123,0.8,0.6859903381642513,0.6438356164383562,130.0,0.6318200116184662,,,,,,,none,4,cuda,,,xgboost_defaults,,0,,,,50,1000,,,,,base_gfp,temporal_rolling.xgb.base_gfp.s4,46f9771,elliptic_pp,aaa3f7164eac4395b5668a06b89ee3a6,abhinawap,/home/abhinawap/StudySes/mulegraph/.venv/bin/mulegraph,xgb,temporal_rolling,LOCAL,a22c7accccccd0ed,46a65966a3a2e489,2023.1,child
5fa3a915247841c8bf759e5fc5f160fa,5,FINISHED,/home/abhinawap/StudySes/mulegraph/mlruns/5/5fa3a915247841c8bf759e5fc5f160fa/artifacts,2026-09-19 07:20:47.415000+00:00,2026-09-19 07:20:47.638000+00:00,0.2405498281786942,0.13701365162156806,130.0,828.0,0.13701365162156806,0.7386215864759428,0.012026716955006123,9.064819291997992,13123.0,0.2405498281786942,0.012026716955006123,0.8,0.6859903381642513,0.6438356164383562,130.0,0.6318200116184662,,,,,,,none,3,cuda,,,xgboost_defaults,,0,,,,50,1000,,,,,base_gfp,temporal_rolling.xgb.base_gfp.s3,46f9771,elliptic_pp,aaa3f7164eac4395b5668a06b89ee3a6,abhinawap,/home/abhinawap/StudySes/mulegraph/.venv/bin/mulegraph,xgb,temporal_rolling,LOCAL,a22c7accccccd0ed,46a65966a3a2e489,2023.1,child
a446e5c35ecd406daef22c07544c61cf,5,FINISHED,/home/abhinawap/StudySes/mulegraph/mlruns/5/a446e5c35ecd406daef22c07544c61cf/artifacts,2026-09-19 07:20:37.709000+00:00,2026-09-19 07:20:37.933000+00:00,0.2405498281786942,0.13701365162156806,130.0,828.0,0.13701365162156806,0.7386215864759428,0.012026716955006123,9.067224528002043,13123.0,0.2405498281786942,0.012026716955006123,0.8,0.6859903381642513,0.6438356164383562,130.0,0.6318200116184662,,,,,,,none,2,cuda,,,xgboost_defaults,,0,,,,50,1000,,,,,base_gfp,temporal_rolling.xgb.base_gfp.s2,46f9771,elliptic_pp,aaa3f7164eac4395b5668a06b89ee3a6,abhinawap,/home/abhinawap/StudySes/mulegraph/.venv/bin/mulegraph,xgb,temporal_rolling,LOCAL,a22c7accccccd0ed,46a65966a3a2e489,2023.1,child
a035c7b575094f33b85c0a627d045b03,5,FINISHED,/home/abhinawap/StudySes/mulegraph/mlruns/5/a035c7b575094f33b85c0a627d045b03/artifacts,2026-09-19 07:20:28.014000+00:00,2026-09-19 07:20:28.250000+00:00,0.2405498281786942,0.13701365162156806,130.0,828.0,0.13701365162156806,0.7386215864759428,0.012026716955006123,9.293606277002255,13123.0,0.2405498281786942,0.012026716955006123,0.8,0.6859903381642513,0.6438356164383562,130.0,0.6318200116184662,,,,,,,none,1,cuda,,,xgboost_defaults,,0,,,,50,1000,,,,,base_gfp,temporal_rolling.xgb.base_gfp.s1,46f9771,elliptic_pp,aaa3f7164eac4395b5668a06b89ee3a6,abhinawap,/home/abhinawap/StudySes/mulegraph/.venv/bin/mulegraph,xgb,temporal_rolling,LOCAL,a22c7accccccd0ed,46a65966a3a2e489,2023.1,child
b3573fffd0c344a783c42bdd5cdfa188,5,FINISHED,/home/abhinawap/StudySes/mulegraph/mlruns/5/b3573fffd0c344a783c42bdd5cdfa188/artifacts,2026-09-19 07:20:20.570000+00:00,2026-09-19 07:20:20.774000+00:00,0.2405498281786942,0.13701365162156806,130.0,828.0,0.13701365162156806,0.7386215864759428,0.012026716955006123,9.228053997998359,13123.0,0.2405498281786942,0.012026716955006123,0.8,0.6859903381642513,0.6438356164383562,130.0,0.6318200116184662,,,,,,,none,0,cuda,,,xgboost_defaults,,0,,,,50,1000,,,,,base_gfp,temporal_rolling.xgb.base_gfp.s0,46f9771,elliptic_pp,aaa3f7164eac4395b5668a06b89ee3a6,abhinawap,/home/abhinawap/StudySes/mulegraph/.venv/bin/mulegraph,xgb,temporal_rolling,LOCAL,a22c7accccccd0ed,46a65966a3a2e489,2023.1,child
7c351ed0296443c5b912b23e236a1c3a,5,FINISHED,/home/abhinawap/StudySes/mulegraph/mlruns/5/7c351ed0296443c5b912b23e236a1c3a/artifacts,2026-09-19 07:20:10.656000+00:00,2026-09-19 07:20:10.874000+00:00,0.2534246575342466,0.14521739804192962,109.0,828.0,0.14521739804192962,0.7335504885993486,0.018344316631555557,9.034526119001384,13123.0,0.2534246575342466,0.018344316631555557,0.7963224893917963,0.6799516908212561,0.6758620689655173,109.0,0.5987358619895187,,,,,,,none,4,cuda,,,xgboost_defaults,,0,,,,50,1000,,,,,base,temporal_rolling.xgb.base.s4,46f9771,elliptic_pp,aaa3f7164eac4395b5668a06b89ee3a6,abhinawap,/home/abhinawap/StudySes/mulegraph/.venv/bin/mulegraph,xgb,temporal_rolling,LOCAL,none,46a65966a3a2e489,2023.1,child
82a08e486f0a4ed48436b3504582766d,5,FINISHED,/home/abhinawap/StudySes/mulegraph/mlruns/5/82a08e486f0a4ed48436b3504582766d/artifacts,2026-09-19 07:20:01.031000+00:00,2026-09-19 07:20:01.251000+00:00,0.2534246575342466,0.14521739804192962,109.0,828.0,0.14521739804192962,0.7335504885993486,0.018344316631555557,9.003486269995847,13123.0,0.2534246575342466,0.018344316631555557,0.7963224893917963,0.6799516908212561,0.6758620689655173,109.0,0.5987358619895187,,,,,,,none,3,cuda,,,xgboost_defaults,,0,,,,50,1000,,,,,base,temporal_rolling.xgb.base.s3,46f9771,elliptic_pp,aaa3f7164eac4395b5668a06b89ee3a6,abhinawap,/home/abhinawap/StudySes/mulegraph/.venv/bin/mulegraph,xgb,temporal_rolling,LOCAL,none,46a65966a3a2e489,2023.1,child
e2ecfaf23e5545f3994ab3e55604de06,5,FINISHED,/home/abhinawap/StudySes/mulegraph/mlruns/5/e2ecfaf23e5545f3994ab3e55604de06/artifacts,2026-09-19 07:19:51.405000+00:00,2026-09-19 07:19:51.635000+00:00,0.2534246575342466,0.14521739804192962,109.0,828.0,0.14521739804192962,0.7335504885993486,0.018344316631555557,9.3541850169986,13123.0,0.2534246575342466,0.018344316631555557,0.7963224893917963,0.6799516908212561,0.6758620689655173,109.0,0.5987358619895187,,,,,,,none,2,cuda,,,xgboost_defaults,,0,,,,50,1000,,,,,base,temporal_rolling.xgb.base.s2,46f9771,elliptic_pp,aaa3f7164eac4395b5668a06b89ee3a6,abhinawap,/home/abhinawap/StudySes/mulegraph/.venv/bin/mulegraph,xgb,temporal_rolling,LOCAL,none,46a65966a3a2e489,2023.1,child
ec64ea7b4f7e4402bd8c7e91f82bf506,5,FINISHED,/home/abhinawap/StudySes/mulegraph/mlruns/5/ec64ea7b4f7e4402bd8c7e91f82bf506/artifacts,2026-09-19 07:19:43.903000+00:00,2026-09-19 07:19:44.115000+00:00,0.2534246575342466,0.14521739804192962,109.0,828.0,0.14521739804192962,0.7335504885993486,0.018344316631555557,9.238609525995344,13123.0,0.2534246575342466,0.018344316631555557,0.7963224893917963,0.6799516908212561,0.6758620689655173,109.0,0.5987358619895187,,,,,,,none,1,cuda,,,xgboost_defaults,,0,,,,50,1000,,,,,base,temporal_rolling.xgb.base.s1,46f9771,elliptic_pp,aaa3f7164eac4395b5668a06b89ee3a6,abhinawap,/home/abhinawap/StudySes/mulegraph/.venv/bin/mulegraph,xgb,temporal_rolling,LOCAL,none,46a65966a3a2e489,2023.1,child
ace6a66d09d44c26897060a50ff0afea,5,FINISHED,/home/abhinawap/StudySes/mulegraph/mlruns/5/ace6a66d09d44c26897060a50ff0afea/artifacts,2026-09-19 07:19:34.055000+00:00,2026-09-19 07:19:34.277000+00:00,0.2534246575342466,0.14521739804192962,109.0,828.0,0.14521739804192962,0.7335504885993486,0.018344316631555557,9.19416806800109,13123.0,0.2534246575342466,0.018344316631555557,0.7963224893917963,0.6799516908212561,0.6758620689655173,109.0,0.5987358619895187,,,,,,,none,0,cuda,,,xgboost_defaults,,0,,,,50,1000,,,,,base,temporal_rolling.xgb.base.s0,46f9771,elliptic_pp,aaa3f7164eac4395b5668a06b89ee3a6,abhinawap,/home/abhinawap/StudySes/mulegraph/.venv/bin/mulegraph,xgb,temporal_rolling,LOCAL,none,46a65966a3a2e489,2023.1,child
4c1215a6fa44432999b4572795efd467,5,FINISHED,/home/abhinawap/StudySes/mulegraph/mlruns/5/4c1215a6fa44432999b4572795efd467/artifacts,2026-09-19 07:19:24.320000+00:00,2026-09-19 07:19:24.478000+00:00,,,44.0,828.0,0.8591251607967885,0.5735593220338983,0.9106799364089966,14.067303660000107,13123.0,0.8387096774193549,,0.6537867078825348,0.5108695652173914,0.03225806451612903,,0.13958046673942515,0.8724985412946231,0.5929302256753752,0.6854304635761589,0.17751004016064256,20,200,neighbor,4,cuda,0.0,2,sage_default_2x64,True,0,64,0.2,0.001,,,,,,,base_gfp,temporal.sage.base_gfp.s4,46f9771,elliptic_pp,aaa3f7164eac4395b5668a06b89ee3a6,abhinawap,/home/abhinawap/StudySes/mulegraph/.venv/bin/mulegraph,sage,temporal,LOCAL,a22c7accccccd0ed,f576c23d95a59084,2023.1,child
949f0f8454d640c8a3121f4a814390ec,5,FINISHED,/home/abhinawap/StudySes/mulegraph/mlruns/5/949f0f8454d640c8a3121f4a814390ec/artifacts,2026-09-19 07:19:12.190000+00:00,2026-09-19 07:19:12.301000+00:00,,,30.0,828.0,0.8479664940137358,0.5484109386548411,0.9396132826805115,10.554494817999512,13123.0,0.8388429752066116,,0.7066666666666667,0.44806763285024154,0.031746031746031744,,0.1321143652974261,0.8744104276315144,0.5736081149803841,0.6026200873362445,0.17977223427331887,20,200,neighbor,3,cuda,0.0,2,sage_default_2x64,True,0,64,0.2,0.001,,,,,,,base_gfp,temporal.sage.base_gfp.s3,46f9771,elliptic_pp,aaa3f7164eac4395b5668a06b89ee3a6,abhinawap,/home/abhinawap/StudySes/mulegraph/.venv/bin/mulegraph,sage,temporal,LOCAL,a22c7accccccd0ed,f576c23d95a59084,2023.1,child
be4f151ef20f46d1bd56b894a522f4b4,5,FINISHED,/home/abhinawap/StudySes/mulegraph/mlruns/5/be4f151ef20f46d1bd56b894a522f4b4/artifacts,2026-09-19 07:19:01.068000+00:00,2026-09-19 07:19:01.214000+00:00,,,27.0,828.0,0.8529185179848716,0.5596269153897402,0.8621333241462708,9.999310405999495,13123.0,0.8098159509202454,,0.6240713224368499,0.5072463768115942,0.06153846153846154,,0.1413226664975643,0.8849996954891132,0.576317158265186,0.6398763523956723,0.2020109689213894,20,200,neighbor,2,cuda,0.0,2,sage_default_2x64,True,0,64,0.2,0.001,,,,,,,base_gfp,temporal.sage.base_gfp.s2,46f9771,elliptic_pp,aaa3f7164eac4395b5668a06b89ee3a6,abhinawap,/home/abhinawap/StudySes/mulegraph/.venv/bin/mulegraph,sage,temporal,LOCAL,a22c7accccccd0ed,f576c23d95a59084,2023.1,child
e775a7d77c0246daa24b502d93956497,5,FINISHED,/home/abhinawap/StudySes/mulegraph/mlruns/5/e775a7d77c0246daa24b502d93956497/artifacts,2026-09-19 07:18:50.429000+00:00,2026-09-19 07:18:50.615000+00:00,,,9.0,828.0,0.8243597626461279,0.5477996965098634,0.9153380990028381,5.799753895000322,13123.0,0.7966457023060797,,0.736734693877551,0.4359903381642512,0.03333333333333333,,0.11637383673385251,0.87548540017642,0.5797810343024683,0.6499215070643642,0.17813003761418592,20,200,neighbor,1,cuda,0.0,2,sage_default_2x64,True,0,64,0.2,0.001,,,,,,,base_gfp,temporal.sage.base_gfp.s1,46f9771,elliptic_pp,aaa3f7164eac4395b5668a06b89ee3a6,abhinawap,/home/abhinawap/StudySes/mulegraph/.venv/bin/mulegraph,sage,temporal,LOCAL,a22c7accccccd0ed,f576c23d95a59084,2023.1,child
077b120332664239933a326d7f2307a3,5,FINISHED,/home/abhinawap/StudySes/mulegraph/mlruns/5/077b120332664239933a326d7f2307a3/artifacts,2026-09-19 07:18:46.523000+00:00,2026-09-19 07:18:46.668000+00:00,,,37.0,828.0,0.8432866457982854,0.5389784946236559,0.8667934536933899,11.977525386999332,13123.0,0.7991886409736307,,0.6075757575757575,0.48429951690821255,0.03076923076923077,,0.14520118946632546,0.8784620923237717,0.5297619421862985,0.5617367706919946,0.18660287081339713,20,200,neighbor,0,cuda,0.0,2,sage_default_2x64,True,0,64,0.2,0.001,,,,,,,base_gfp,temporal.sage.base_gfp.s0,46f9771,elliptic_pp,aaa3f7164eac4395b5668a06b89ee3a6,abhinawap,/home/abhinawap/StudySes/mulegraph/.venv/bin/mulegraph,sage,temporal,LOCAL,a22c7accccccd0ed,f576c23d95a59084,2023.1,child
ac1c36b65e3d4d4aac7eeb8037cb74eb,5,FINISHED,/home/abhinawap/StudySes/mulegraph/mlruns/5/ac1c36b65e3d4d4aac7eeb8037cb74eb/artifacts,2026-09-19 07:18:33.937000+00:00,2026-09-19 07:18:34.099000+00:00,,,62.0,828.0,0.8880931972674847,0.5839320705421294,0.9306902289390564,18.547853375999694,13123.0,0.8559670781893005,,0.635846372688478,0.5398550724637681,0.03333333333333333,,0.15125689376455775,0.8837983509262042,0.49613215217437195,0.6786885245901639,0.19644444444444445,20,200,neighbor,4,cuda,0.0,2,sage_default_2x64,True,0,64,0.2,0.001,,,,,,,base,temporal.sage.base.s4,46f9771,elliptic_pp,aaa3f7164eac4395b5668a06b89ee3a6,abhinawap,/home/abhinawap/StudySes/mulegraph/.venv/bin/mulegraph,sage,temporal,LOCAL,none,f576c23d95a59084,2023.1,child
3775a48d892a4cf191dfe32417bb99d0,5,FINISHED,/home/abhinawap/StudySes/mulegraph/mlruns/5/3775a48d892a4cf191dfe32417bb99d0/artifacts,2026-09-19 07:18:17.341000+00:00,2026-09-19 07:18:17.497000+00:00,,,46.0,828.0,0.8923292761031143,0.5932307692307692,0.8904643654823303,14.47730768099973,13123.0,0.8418972332015812,,0.6047678795483061,0.5821256038647343,0.03125,,0.14044895045563022,0.886792577006874,0.5769045212632663,0.7379679144385026,0.20331186752529898,20,200,neighbor,3,cuda,0.0,2,sage_default_2x64,True,0,64,0.2,0.001,,,,,,,base,temporal.sage.base.s3,46f9771,elliptic_pp,aaa3f7164eac4395b5668a06b89ee3a6,abhinawap,/home/abhinawap/StudySes/mulegraph/.venv/bin/mulegraph,sage,temporal,LOCAL,none,f576c23d95a59084,2023.1,child
87decb3fefaa41ab9bb0d097e4e224b2,5,FINISHED,/home/abhinawap/StudySes/mulegraph/mlruns/5/87decb3fefaa41ab9bb0d097e4e224b2/artifacts,2026-09-19 07:18:02.351000+00:00,2026-09-19 07:18:02.499000+00:00,,,59.0,828.0,0.8818128232334717,0.6022353714661407,0.8893517255783081,18.609317820000797,13123.0,0.8473895582329317,,0.6608946608946609,0.5531400966183575,0.03225806451612903,,0.15142526295459008,0.8865901754965,0.5854615472947321,0.7340425531914894,0.18623595505617976,20,200,neighbor,2,cuda,0.0,2,sage_default_2x64,True,0,64,0.2,0.001,,,,,,,base,temporal.sage.base.s2,46f9771,elliptic_pp,aaa3f7164eac4395b5668a06b89ee3a6,abhinawap,/home/abhinawap/StudySes/mulegraph/.venv/bin/mulegraph,sage,temporal,LOCAL,none,f576c23d95a59084,2023.1,child
8f5061bb9c8c401980e0eba761f1fce8,5,FINISHED,/home/abhinawap/StudySes/mulegraph/mlruns/5/8f5061bb9c8c401980e0eba761f1fce8/artifacts,2026-09-19 07:17:45.698000+00:00,2026-09-19 07:17:45.867000+00:00,,,52.0,828.0,0.8661414834736394,0.5663338088445078,0.887755274772644,16.848646188000203,13123.0,0.851063829787234,,0.6916376306620209,0.47946859903381644,0.03333333333333333,,0.13189979625167503,0.8740710944514186,0.5414729448424405,0.6645264847512039,0.18681318681318682,20,200,neighbor,1,cuda,0.0,2,sage_default_2x64,True,0,64,0.2,0.001,,,,,,,base,temporal.sage.base.s1,46f9771,elliptic_pp,aaa3f7164eac4395b5668a06b89ee3a6,abhinawap,/home/abhinawap/StudySes/mulegraph/.venv/bin/mulegraph,sage,temporal,LOCAL,none,f576c23d95a59084,2023.1,child
fb791e0605fd41b1bac9e146f21f7792,5,FINISHED,/home/abhinawap/StudySes/mulegraph/mlruns/5/fb791e0605fd41b1bac9e146f21f7792/artifacts,2026-09-19 07:17:28.316000+00:00,2026-09-19 07:17:28.462000+00:00,,,12.0,828.0,0.8571926170868737,0.5983717774762551,0.8495774269104004,7.489588819000346,13123.0,0.8408644400785855,,0.6826625386996904,0.532608695652174,0.03225806451612903,,0.10988341730938456,0.8852685491333228,0.636818563978572,0.7915869980879541,0.20481927710843373,20,200,neighbor,0,cuda,0.0,2,sage_default_2x64,True,0,64,0.2,0.001,,,,,,,base,temporal.sage.base.s0,46f9771,elliptic_pp,aaa3f7164eac4395b5668a06b89ee3a6,abhinawap,/home/abhinawap/StudySes/mulegraph/.venv/bin/mulegraph,sage,temporal,LOCAL,none,f576c23d95a59084,2023.1,child
4fc2d85ac7c24c26ad9b23403be4e646,5,FINISHED,/home/abhinawap/StudySes/mulegraph/mlruns/5/4fc2d85ac7c24c26ad9b23403be4e646/artifacts,2026-09-19 07:17:21.854000+00:00,2026-09-19 07:17:21.956000+00:00,,,182.0,828.0,0.9586351655543043,0.718299164768413,0.9708261489868164,1.0272299419993942,13123.0,0.9382716049382716,,0.967280163599182,0.571256038647343,0.03508771929824561,,0.14020357858066365,0.8748915057179286,0.7148052327148748,0.9975903614457832,0.1588785046728972,,,none,4,cuda,,,xgboost_defaults,,0,,,,50,1000,,,,,base_gfp,temporal.xgb.base_gfp.s4,46f9771,elliptic_pp,aaa3f7164eac4395b5668a06b89ee3a6,abhinawap,/home/abhinawap/StudySes/mulegraph/.venv/bin/mulegraph,xgb,temporal,LOCAL,a22c7accccccd0ed,f576c23d95a59084,2023.1,child
df5f5810e7414016936ffa95a45907ea,5,FINISHED,/home/abhinawap/StudySes/mulegraph/mlruns/5/df5f5810e7414016936ffa95a45907ea/artifacts,2026-09-19 07:17:20.518000+00:00,2026-09-19 07:17:20.663000+00:00,,,182.0,828.0,0.9586351655543043,0.718299164768413,0.9708261489868164,1.0415065130000585,13123.0,0.9382716049382716,,0.967280163599182,0.571256038647343,0.03508771929824561,,0.14020357858066365,0.8748915057179286,0.7148052327148748,0.9975903614457832,0.1588785046728972,,,none,3,cuda,,,xgboost_defaults,,0,,,,50,1000,,,,,base_gfp,temporal.xgb.base_gfp.s3,46f9771,elliptic_pp,aaa3f7164eac4395b5668a06b89ee3a6,abhinawap,/home/abhinawap/StudySes/mulegraph/.venv/bin/mulegraph,xgb,temporal,LOCAL,a22c7accccccd0ed,f576c23d95a59084,2023.1,child
d64536c85afd41218f4e95226f263d7d,5,FINISHED,/home/abhinawap/StudySes/mulegraph/mlruns/5/d64536c85afd41218f4e95226f263d7d/artifacts,2026-09-19 07:17:19.186000+00:00,2026-09-19 07:17:19.329000+00:00,,,182.0,828.0,0.9586351655543043,0.718299164768413,0.9708261489868164,1.0453641219992278,13123.0,0.9382716049382716,,0.967280163599182,0.571256038647343,0.03508771929824561,,0.14020357858066365,0.8748915057179286,0.7148052327148748,0.9975903614457832,0.1588785046728972,,,none,2,cuda,,,xgboost_defaults,,0,,,,50,1000,,,,,base_gfp,temporal.xgb.base_gfp.s2,46f9771,elliptic_pp,aaa3f7164eac4395b5668a06b89ee3a6,abhinawap,/home/abhinawap/StudySes/mulegraph/.venv/bin/mulegraph,xgb,temporal,LOCAL,a22c7accccccd0ed,f576c23d95a59084,2023.1,child
275a2106f5db4bebaa60bb4f83e0ffb0,5,FINISHED,/home/abhinawap/StudySes/mulegraph/mlruns/5/275a2106f5db4bebaa60bb4f83e0ffb0/artifacts,2026-09-19 07:17:17.838000+00:00,2026-09-19 07:17:17.997000+00:00,,,182.0,828.0,0.9586351655543043,0.718299164768413,0.9708261489868164,1.02392503900046,13123.0,0.9382716049382716,,0.967280163599182,0.571256038647343,0.03508771929824561,,0.14020357858066365,0.8748915057179286,0.7148052327148748,0.9975903614457832,0.1588785046728972,,,none,1,cuda,,,xgboost_defaults,,0,,,,50,1000,,,,,base_gfp,temporal.xgb.base_gfp.s1,46f9771,elliptic_pp,aaa3f7164eac4395b5668a06b89ee3a6,abhinawap,/home/abhinawap/StudySes/mulegraph/.venv/bin/mulegraph,xgb,temporal,LOCAL,a22c7accccccd0ed,f576c23d95a59084,2023.1,child
0331970559a54371b12184d353eef43e,5,FINISHED,/home/abhinawap/StudySes/mulegraph/mlruns/5/0331970559a54371b12184d353eef43e/artifacts,2026-09-19 07:17:16.465000+00:00,2026-09-19 07:17:16.642000+00:00,,,182.0,828.0,0.9586351655543043,0.718299164768413,0.9708261489868164,1.0262013409992505,13123.0,0.9382716049382716,,0.967280163599182,0.571256038647343,0.03508771929824561,,0.14020357858066365,0.8748915057179286,0.7148052327148748,0.9975903614457832,0.1588785046728972,,,none,0,cuda,,,xgboost_defaults,,0,,,,50,1000,,,,,base_gfp,temporal.xgb.base_gfp.s0,46f9771,elliptic_pp,aaa3f7164eac4395b5668a06b89ee3a6,abhinawap,/home/abhinawap/StudySes/mulegraph/.venv/bin/mulegraph,xgb,temporal,LOCAL,a22c7accccccd0ed,f576c23d95a59084,2023.1,child
5845dc36327b4fbe8e45c88f43644b0e,5,FINISHED,/home/abhinawap/StudySes/mulegraph/mlruns/5/5845dc36327b4fbe8e45c88f43644b0e/artifacts,2026-09-19 07:17:15.148000+00:00,2026-09-19 07:17:15.286000+00:00,,,59.0,828.0,0.959444297262492,0.7215007215007215,0.8715395331382751,0.552268367000579,13123.0,0.9308943089430894,,0.8960573476702509,0.6038647342995169,0.0,,0.22875152624571563,0.9106901002528422,0.7264431258771145,0.9833729216152018,0.19592198581560283,,,none,4,cuda,,,xgboost_defaults,,0,,,,50,1000,,,,,base,temporal.xgb.base.s4,46f9771,elliptic_pp,aaa3f7164eac4395b5668a06b89ee3a6,abhinawap,/home/abhinawap/StudySes/mulegraph/.venv/bin/mulegraph,xgb,temporal,LOCAL,none,f576c23d95a59084,2023.1,child
4941f9f6e98941a7a8fbc3aa5e9b3a63,5,FINISHED,/home/abhinawap/StudySes/mulegraph/mlruns/5/4941f9f6e98941a7a8fbc3aa5e9b3a63/artifacts,2026-09-19 07:17:14.329000+00:00,2026-09-19 07:17:14.468000+00:00,,,59.0,828.0,0.959444297262492,0.7215007215007215,0.8715395331382751,0.5453913050005212,13123.0,0.9308943089430894,,0.8960573476702509,0.6038647342995169,0.0,,0.22875152624571563,0.9106901002528422,0.7264431258771145,0.9833729216152018,0.19592198581560283,,,none,3,cuda,,,xgboost_defaults,,0,,,,50,1000,,,,,base,temporal.xgb.base.s3,46f9771,elliptic_pp,aaa3f7164eac4395b5668a06b89ee3a6,abhinawap,/home/abhinawap/StudySes/mulegraph/.venv/bin/mulegraph,xgb,temporal,LOCAL,none,f576c23d95a59084,2023.1,child
8ba0ab78afa04ce29699305caa0ea28c,5,FINISHED,/home/abhinawap/StudySes/mulegraph/mlruns/5/8ba0ab78afa04ce29699305caa0ea28c/artifacts,2026-09-19 07:17:13.515000+00:00,2026-09-19 07:17:13.652000+00:00,,,59.0,828.0,0.959444297262492,0.7215007215007215,0.8715395331382751,0.5776348559993494,13123.0,0.9308943089430894,,0.8960573476702509,0.6038647342995169,0.0,,0.22875152624571563,0.9106901002528422,0.7264431258771145,0.9833729216152018,0.19592198581560283,,,none,2,cuda,,,xgboost_defaults,,0,,,,50,1000,,,,,base,temporal.xgb.base.s2,46f9771,elliptic_pp,aaa3f7164eac4395b5668a06b89ee3a6,abhinawap,/home/abhinawap/StudySes/mulegraph/.venv/bin/mulegraph,xgb,temporal,LOCAL,none,f576c23d95a59084,2023.1,child
a740de862f13494086fac1d9721debd9,5,FINISHED,/home/abhinawap/StudySes/mulegraph/mlruns/5/a740de862f13494086fac1d9721debd9/artifacts,2026-09-19 07:17:12.667000+00:00,2026-09-19 07:17:12.809000+00:00,,,59.0,828.0,0.959444297262492,0.7215007215007215,0.8715395331382751,0.5643325659984839,13123.0,0.9308943089430894,,0.8960573476702509,0.6038647342995169,0.0,,0.22875152624571563,0.9106901002528422,0.7264431258771145,0.9833729216152018,0.19592198581560283,,,none,1,cuda,,,xgboost_defaults,,0,,,,50,1000,,,,,base,temporal.xgb.base.s1,46f9771,elliptic_pp,aaa3f7164eac4395b5668a06b89ee3a6,abhinawap,/home/abhinawap/StudySes/mulegraph/.venv/bin/mulegraph,xgb,temporal,LOCAL,none,f576c23d95a59084,2023.1,child
72404df4f0f644969adfa9515ba92f48,5,FINISHED,/home/abhinawap/StudySes/mulegraph/mlruns/5/72404df4f0f644969adfa9515ba92f48/artifacts,2026-09-19 07:17:11.817000+00:00,2026-09-19 07:17:11.972000+00:00,,,59.0,828.0,0.959444297262492,0.7215007215007215,0.8715395331382751,0.9579533059986716,13123.0,0.9308943089430894,,0.8960573476702509,0.6038647342995169,0.0,,0.22875152624571563,0.9106901002528422,0.7264431258771145,0.9833729216152018,0.19592198581560283,,,none,0,cuda,,,xgboost_defaults,,0,,,,50,1000,,,,,base,temporal.xgb.base.s0,46f9771,elliptic_pp,aaa3f7164eac4395b5668a06b89ee3a6,abhinawap,/home/abhinawap/StudySes/mulegraph/.venv/bin/mulegraph,xgb,temporal,LOCAL,none,f576c23d95a59084,2023.1,child
aaa3f7164eac4395b5668a06b89ee3a6,5,FINISHED,/home/abhinawap/StudySes/mulegraph/mlruns/5/aaa3f7164eac4395b5668a06b89ee3a6/artifacts,2026-09-19 07:17:10.608000+00:00,2026-09-19 07:52:54.516000+00:00,,,,,,,,,,,,,,,,,,,,,,,,,cuda,,,,,0,,,,,,a22c7accccccd0ed,"[0, 1, 2, 3, 4]",260,2023.1,,elliptic_rolling.46f9771,46f9771,elliptic_pp,,abhinawap,/home/abhinawap/StudySes/mulegraph/.venv/bin/mulegraph,,,LOCAL,,,,parent
5e76b28cbd904e11916c35805e59f5b4,5,FINISHED,/home/abhinawap/StudySes/mulegraph/mlruns/5/5e76b28cbd904e11916c35805e59f5b4/artifacts,2026-09-19 07:10:59.273000+00:00,2026-09-19 07:10:59.502000+00:00,0.18834080717488788,0.11047525451075155,12.0,828.0,0.11047525451075155,0.6090969017798286,0.49569863080978394,182.5493666450002,13123.0,0.18834080717488788,0.49569863080978394,0.6705370101596516,0.5579710144927537,0.10204081632653061,12.0,0.19185245287838223,,,,,20,200,neighbor,4,cuda,0.0,2,sage_default_2x64,True,0,64,0.2,0.001,,,,,,,base_gfp,temporal_rolling.sage.base_gfp.s4,edf06ea-dirty,elliptic_pp,65e8d161829d483f93edb1ac2e72efbd,abhinawap,/home/abhinawap/StudySes/mulegraph/.venv/bin/mulegraph,sage,temporal_rolling,LOCAL,a22c7accccccd0ed,46a65966a3a2e489,2023.1,child
7ada5a5f4ddd477592960f20da5f91b0,5,FINISHED,/home/abhinawap/StudySes/mulegraph/mlruns/5/7ada5a5f4ddd477592960f20da5f91b0/artifacts,2026-09-19 07:08:07.157000+00:00,2026-09-19 07:08:07.448000+00:00,0.24573378839590446,0.1386598098416876,104.0,828.0,0.1386598098416876,0.5569453587886768,0.01794266887009144,191.0690859719998,13123.0,0.24573378839590446,0.01794266887009144,0.6121562952243126,0.5108695652173914,0.10909090909090909,104.0,0.1454777895455614,,,,,20,200,neighbor,3,cuda,0.0,2,sage_default_2x64,True,0,64,0.2,0.001,,,,,,,base_gfp,temporal_rolling.sage.base_gfp.s3,edf06ea-dirty,elliptic_pp,65e8d161829d483f93edb1ac2e72efbd,abhinawap,/home/abhinawap/StudySes/mulegraph/.venv/bin/mulegraph,sage,temporal_rolling,LOCAL,a22c7accccccd0ed,46a65966a3a2e489,2023.1,child
9654063a15214bff820c6f8b13502b7b,5,FINISHED,/home/abhinawap/StudySes/mulegraph/mlruns/5/9654063a15214bff820c6f8b13502b7b/artifacts,2026-09-19 07:05:06.639000+00:00,2026-09-19 07:05:06.854000+00:00,0.22695035460992907,0.12031060445316247,2.0,828.0,0.12031060445316247,0.6409537166900421,0.8392929434776306,206.992781525003,13123.0,0.22695035460992907,0.8392929434776306,0.7642140468227425,0.5519323671497585,0.10810810810810811,2.0,0.14446564118419575,,,,,20,200,neighbor,2,cuda,0.0,2,sage_default_2x64,True,0,64,0.2,0.001,,,,,,,base_gfp,temporal_rolling.sage.base_gfp.s2,edf06ea-dirty,elliptic_pp,65e8d161829d483f93edb1ac2e72efbd,abhinawap,/home/abhinawap/StudySes/mulegraph/.venv/bin/mulegraph,sage,temporal_rolling,LOCAL,a22c7accccccd0ed,46a65966a3a2e489,2023.1,child
7b4e73c4e5d1437ba7279e755008f1cf,5,FINISHED,/home/abhinawap/StudySes/mulegraph/mlruns/5/7b4e73c4e5d1437ba7279e755008f1cf/artifacts,2026-09-19 07:01:52.605000+00:00,2026-09-19 07:01:52.838000+00:00,0.163265306122449,0.08103358095752314,1.0,828.0,0.08103358095752314,0.5993311036789297,0.3939903676509857,178.46162415099752,13123.0,0.163265306122449,0.3939903676509857,0.671664167916042,0.5410628019323671,0.09929078014184398,1.0,0.08538844995935528,,,,,20,200,neighbor,1,cuda,0.0,2,sage_default_2x64,True,0,64,0.2,0.001,,,,,,,base_gfp,temporal_rolling.sage.base_gfp.s1,edf06ea-dirty,elliptic_pp,65e8d161829d483f93edb1ac2e72efbd,abhinawap,/home/abhinawap/StudySes/mulegraph/.venv/bin/mulegraph,sage,temporal_rolling,LOCAL,a22c7accccccd0ed,46a65966a3a2e489,2023.1,child
2624c9ecf92e47b0a5fc4e290caa6e03,5,FINISHED,/home/abhinawap/StudySes/mulegraph/mlruns/5/2624c9ecf92e47b0a5fc4e290caa6e03/artifacts,2026-09-19 06:59:01.686000+00:00,2026-09-19 06:59:01.903000+00:00,0.22695035460992907,0.12315890401205687,1.0,828.0,0.12315890401205687,0.6350900600400267,0.7672892212867737,149.90778662100092,13123.0,0.22695035460992907,0.7672892212867737,0.7093889716840537,0.5748792270531401,0.08108108108108109,1.0,0.09436074056003486,,,,,20,200,neighbor,0,cuda,0.0,2,sage_default_2x64,True,0,64,0.2,0.001,,,,,,,base_gfp,temporal_rolling.sage.base_gfp.s0,edf06ea-dirty,elliptic_pp,65e8d161829d483f93edb1ac2e72efbd,abhinawap,/home/abhinawap/StudySes/mulegraph/.venv/bin/mulegraph,sage,temporal_rolling,LOCAL,a22c7accccccd0ed,46a65966a3a2e489,2023.1,child
2b8717b4240b4df6be48076fade2ec94,5,FINISHED,/home/abhinawap/StudySes/mulegraph/mlruns/5/2b8717b4240b4df6be48076fade2ec94/artifacts,2026-09-19 06:56:39.675000+00:00,2026-09-19 06:56:39.909000+00:00,0.19444444444444445,0.08908408666914258,1.0,828.0,0.08908408666914258,0.6032154340836012,0.46625852584838867,196.7469745690014,13123.0,0.19444444444444445,0.46625852584838867,0.6451169188445667,0.5664251207729468,0.043795620437956206,1.0,0.0703299373556299,,,,,20,200,neighbor,4,cuda,0.0,2,sage_default_2x64,True,0,64,0.2,0.001,,,,,,,base,temporal_rolling.sage.base.s4,edf06ea-dirty,elliptic_pp,65e8d161829d483f93edb1ac2e72efbd,abhinawap,/home/abhinawap/StudySes/mulegraph/.venv/bin/mulegraph,sage,temporal_rolling,LOCAL,none,46a65966a3a2e489,2023.1,child
04c2d71aef704ea391c30d771f7824ca,5,FINISHED,/home/abhinawap/StudySes/mulegraph/mlruns/5/04c2d71aef704ea391c30d771f7824ca/artifacts,2026-09-19 06:53:34.278000+00:00,2026-09-19 06:53:34.501000+00:00,0.17408906882591094,0.08641972244979508,1.0,828.0,0.08641972244979508,0.6108949416342413,0.42007866501808167,213.74000828299722,13123.0,0.17408906882591094,0.42007866501808167,0.6596638655462185,0.5688405797101449,0.029197080291970802,1.0,0.07279983151029897,,,,,20,200,neighbor,3,cuda,0.0,2,sage_default_2x64,True,0,64,0.2,0.001,,,,,,,base,temporal_rolling.sage.base.s3,edf06ea-dirty,elliptic_pp,65e8d161829d483f93edb1ac2e72efbd,abhinawap,/home/abhinawap/StudySes/mulegraph/.venv/bin/mulegraph,sage,temporal_rolling,LOCAL,none,46a65966a3a2e489,2023.1,child
f0e486d34d5a4bf5b2c5d33ec483cb1a,5,FINISHED,/home/abhinawap/StudySes/mulegraph/mlruns/5/f0e486d34d5a4bf5b2c5d33ec483cb1a/artifacts,2026-09-19 06:50:14.378000+00:00,2026-09-19 06:50:14.623000+00:00,0.17307692307692307,0.07657008489658486,1.0,828.0,0.07657008489658486,0.5790816326530612,0.3363286852836609,243.64860962499915,13123.0,0.17307692307692307,0.3363286852836609,0.6135135135135135,0.5483091787439613,0.0641025641025641,1.0,0.0714049245125539,,,,,20,200,neighbor,2,cuda,0.0,2,sage_default_2x64,True,0,64,0.2,0.001,,,,,,,base,temporal_rolling.sage.base.s2,edf06ea-dirty,elliptic_pp,65e8d161829d483f93edb1ac2e72efbd,abhinawap,/home/abhinawap/StudySes/mulegraph/.venv/bin/mulegraph,sage,temporal_rolling,LOCAL,none,46a65966a3a2e489,2023.1,child
0fcf5b124b914df692031e79b0a2a802,5,FINISHED,/home/abhinawap/StudySes/mulegraph/mlruns/5/0fcf5b124b914df692031e79b0a2a802/artifacts,2026-09-19 06:46:26.812000+00:00,2026-09-19 06:46:26.996000+00:00,0.32352941176470584,0.17683726088965818,67.0,828.0,0.17683726088965818,0.6230613621038436,0.2247530221939087,272.26783955899737,13123.0,0.32352941176470584,0.2247530221939087,0.7053435114503817,0.5579710144927537,0.06741573033707865,67.0,0.15860152661853996,,,,,20,200,neighbor,1,cuda,0.0,2,sage_default_2x64,True,0,64,0.2,0.001,,,,,,,base,temporal_rolling.sage.base.s1,edf06ea-dirty,elliptic_pp,65e8d161829d483f93edb1ac2e72efbd,abhinawap,/home/abhinawap/StudySes/mulegraph/.venv/bin/mulegraph,sage,temporal_rolling,LOCAL,none,46a65966a3a2e489,2023.1,child
7d37cc552b3341de9cdcd26783101832,5,FINISHED,/home/abhinawap/StudySes/mulegraph/mlruns/5/7d37cc552b3341de9cdcd26783101832/artifacts,2026-09-19 06:42:10.333000+00:00,2026-09-19 06:42:10.596000+00:00,0.24242424242424243,0.13908752371167493,41.0,828.0,0.13908752371167493,0.6258064516129033,0.18128681182861328,224.98609387599754,13123.0,0.24242424242424243,0.18128681182861328,0.6717451523545707,0.5857487922705314,0.05172413793103448,41.0,0.1613957743754323,,,,,20,200,neighbor,0,cuda,0.0,2,sage_default_2x64,True,0,64,0.2,0.001,,,,,,,base,temporal_rolling.sage.base.s0,edf06ea-dirty,elliptic_pp,65e8d161829d483f93edb1ac2e72efbd,abhinawap,/home/abhinawap/StudySes/mulegraph/.venv/bin/mulegraph,sage,temporal_rolling,LOCAL,none,46a65966a3a2e489,2023.1,child
e9e5315aa129440facfacb5e76320641,5,FINISHED,/home/abhinawap/StudySes/mulegraph/mlruns/5/e9e5315aa129440facfacb5e76320641/artifacts,2026-09-19 06:38:41.152000+00:00,2026-09-19 06:38:38.846000+00:00,0.2405498281786942,0.13701365162156806,130.0,828.0,0.13701365162156806,0.7386215864759428,0.012026716955006123,9.529153451998354,13123.0,0.2405498281786942,0.012026716955006123,0.8,0.6859903381642513,0.6438356164383562,130.0,0.6318200116184662,,,,,,,none,4,cuda,,,xgboost_defaults,,0,,,,50,1000,,,,,base_gfp,temporal_rolling.xgb.base_gfp.s4,edf06ea-dirty,elliptic_pp,65e8d161829d483f93edb1ac2e72efbd,abhinawap,/home/abhinawap/StudySes/mulegraph/.venv/bin/mulegraph,xgb,temporal_rolling,LOCAL,a22c7accccccd0ed,46a65966a3a2e489,2023.1,child
ae49d44e405e4695a4fca424c5780033,5,FINISHED,/home/abhinawap/StudySes/mulegraph/mlruns/5/ae49d44e405e4695a4fca424c5780033/artifacts,2026-09-19 06:38:30.975000+00:00,2026-09-19 06:38:31.195000+00:00,0.2405498281786942,0.13701365162156806,130.0,828.0,0.13701365162156806,0.7386215864759428,0.012026716955006123,9.480684370000745,13123.0,0.2405498281786942,0.012026716955006123,0.8,0.6859903381642513,0.6438356164383562,130.0,0.6318200116184662,,,,,,,none,3,cuda,,,xgboost_defaults,,0,,,,50,1000,,,,,base_gfp,temporal_rolling.xgb.base_gfp.s3,edf06ea-dirty,elliptic_pp,65e8d161829d483f93edb1ac2e72efbd,abhinawap,/home/abhinawap/StudySes/mulegraph/.venv/bin/mulegraph,xgb,temporal_rolling,LOCAL,a22c7accccccd0ed,46a65966a3a2e489,2023.1,child
1b48c534097d4c1da31e9ff10e9b1461,5,FINISHED,/home/abhinawap/StudySes/mulegraph/mlruns/5/1b48c534097d4c1da31e9ff10e9b1461/artifacts,2026-09-19 06:38:20.896000+00:00,2026-09-19 06:38:21.134000+00:00,0.2405498281786942,0.13701365162156806,130.0,828.0,0.13701365162156806,0.7386215864759428,0.012026716955006123,9.738332781000281,13123.0,0.2405498281786942,0.012026716955006123,0.8,0.6859903381642513,0.6438356164383562,130.0,0.6318200116184662,,,,,,,none,2,cuda,,,xgboost_defaults,,0,,,,50,1000,,,,,base_gfp,temporal_rolling.xgb.base_gfp.s2,edf06ea-dirty,elliptic_pp,65e8d161829d483f93edb1ac2e72efbd,abhinawap,/home/abhinawap/StudySes/mulegraph/.venv/bin/mulegraph,xgb,temporal_rolling,LOCAL,a22c7accccccd0ed,46a65966a3a2e489,2023.1,child
77a97b6dd300485087ffa51361acacaf,5,FINISHED,/home/abhinawap/StudySes/mulegraph/mlruns/5/77a97b6dd300485087ffa51361acacaf/artifacts,2026-09-19 06:38:10.520000+00:00,2026-09-19 06:38:10.741000+00:00,0.2405498281786942,0.13701365162156806,130.0,828.0,0.13701365162156806,0.7386215864759428,0.012026716955006123,10.037300990999938,13123.0,0.2405498281786942,0.012026716955006123,0.8,0.6859903381642513,0.6438356164383562,130.0,0.6318200116184662,,,,,,,none,1,cuda,,,xgboost_defaults,,0,,,,50,1000,,,,,base_gfp,temporal_rolling.xgb.base_gfp.s1,edf06ea-dirty,elliptic_pp,65e8d161829d483f93edb1ac2e72efbd,abhinawap,/home/abhinawap/StudySes/mulegraph/.venv/bin/mulegraph,xgb,temporal_rolling,LOCAL,a22c7accccccd0ed,46a65966a3a2e489,2023.1,child
bc10c6f9401c4ad3ba32f0b91bed5d7c,5,FINISHED,/home/abhinawap/StudySes/mulegraph/mlruns/5/bc10c6f9401c4ad3ba32f0b91bed5d7c/artifacts,2026-09-19 06:38:02.218000+00:00,2026-09-19 06:38:02.472000+00:00,0.2405498281786942,0.13701365162156806,130.0,828.0,0.13701365162156806,0.7386215864759428,0.012026716955006123,9.406391037000503,13123.0,0.2405498281786942,0.012026716955006123,0.8,0.6859903381642513,0.6438356164383562,130.0,0.6318200116184662,,,,,,,none,0,cuda,,,xgboost_defaults,,0,,,,50,1000,,,,,base_gfp,temporal_rolling.xgb.base_gfp.s0,edf06ea-dirty,elliptic_pp,65e8d161829d483f93edb1ac2e72efbd,abhinawap,/home/abhinawap/StudySes/mulegraph/.venv/bin/mulegraph,xgb,temporal_rolling,LOCAL,a22c7accccccd0ed,46a65966a3a2e489,2023.1,child
e69b9871fa834ae89180d94e99804dbe,5,FINISHED,/home/abhinawap/StudySes/mulegraph/mlruns/5/e69b9871fa834ae89180d94e99804dbe/artifacts,2026-09-19 06:37:52.214000+00:00,2026-09-19 06:37:52.408000+00:00,0.2534246575342466,0.14521739804192962,109.0,828.0,0.14521739804192962,0.7335504885993486,0.018344316631555557,9.150519640998027,13123.0,0.2534246575342466,0.018344316631555557,0.7963224893917963,0.6799516908212561,0.6758620689655173,109.0,0.5987358619895187,,,,,,,none,4,cuda,,,xgboost_defaults,,0,,,,50,1000,,,,,base,temporal_rolling.xgb.base.s4,edf06ea-dirty,elliptic_pp,65e8d161829d483f93edb1ac2e72efbd,abhinawap,/home/abhinawap/StudySes/mulegraph/.venv/bin/mulegraph,xgb,temporal_rolling,LOCAL,none,46a65966a3a2e489,2023.1,child
59865093141a48378e190c1520104524,5,FINISHED,/home/abhinawap/StudySes/mulegraph/mlruns/5/59865093141a48378e190c1520104524/artifacts,2026-09-19 06:37:42.456000+00:00,2026-09-19 06:37:42.669000+00:00,0.2534246575342466,0.14521739804192962,109.0,828.0,0.14521739804192962,0.7335504885993486,0.018344316631555557,9.270598116003384,13123.0,0.2534246575342466,0.018344316631555557,0.7963224893917963,0.6799516908212561,0.6758620689655173,109.0,0.5987358619895187,,,,,,,none,3,cuda,,,xgboost_defaults,,0,,,,50,1000,,,,,base,temporal_rolling.xgb.base.s3,edf06ea-dirty,elliptic_pp,65e8d161829d483f93edb1ac2e72efbd,abhinawap,/home/abhinawap/StudySes/mulegraph/.venv/bin/mulegraph,xgb,temporal_rolling,LOCAL,none,46a65966a3a2e489,2023.1,child
90626c2daf4d4a39879d752c56861fb7,5,FINISHED,/home/abhinawap/StudySes/mulegraph/mlruns/5/90626c2daf4d4a39879d752c56861fb7/artifacts,2026-09-19 06:37:35.019000+00:00,2026-09-19 06:37:35.199000+00:00,0.2534246575342466,0.14521739804192962,109.0,828.0,0.14521739804192962,0.7335504885993486,0.018344316631555557,9.190246485000898,13123.0,0.2534246575342466,0.018344316631555557,0.7963224893917963,0.6799516908212561,0.6758620689655173,109.0,0.5987358619895187,,,,,,,none,2,cuda,,,xgboost_defaults,,0,,,,50,1000,,,,,base,temporal_rolling.xgb.base.s2,edf06ea-dirty,elliptic_pp,65e8d161829d483f93edb1ac2e72efbd,abhinawap,/home/abhinawap/StudySes/mulegraph/.venv/bin/mulegraph,xgb,temporal_rolling,LOCAL,none,46a65966a3a2e489,2023.1,child
d787d303505748a394527c4d26cd0767,5,FINISHED,/home/abhinawap/StudySes/mulegraph/mlruns/5/d787d303505748a394527c4d26cd0767/artifacts,2026-09-19 06:37:25.172000+00:00,2026-09-19 06:37:25.443000+00:00,0.2534246575342466,0.14521739804192962,109.0,828.0,0.14521739804192962,0.7335504885993486,0.018344316631555557,9.75152924399481,13123.0,0.2534246575342466,0.018344316631555557,0.7963224893917963,0.6799516908212561,0.6758620689655173,109.0,0.5987358619895187,,,,,,,none,1,cuda,,,xgboost_defaults,,0,,,,50,1000,,,,,base,temporal_rolling.xgb.base.s1,edf06ea-dirty,elliptic_pp,65e8d161829d483f93edb1ac2e72efbd,abhinawap,/home/abhinawap/StudySes/mulegraph/.venv/bin/mulegraph,xgb,temporal_rolling,LOCAL,none,46a65966a3a2e489,2023.1,child
08ad1bb5c54741ceaad2a9395c58495c,5,FINISHED,/home/abhinawap/StudySes/mulegraph/mlruns/5/08ad1bb5c54741ceaad2a9395c58495c/artifacts,2026-09-19 06:37:14.715000+00:00,2026-09-19 06:37:14.899000+00:00,0.2534246575342466,0.14521739804192962,109.0,828.0,0.14521739804192962,0.7335504885993486,0.018344316631555557,9.533842605002064,13123.0,0.2534246575342466,0.018344316631555557,0.7963224893917963,0.6799516908212561,0.6758620689655173,109.0,0.5987358619895187,,,,,,,none,0,cuda,,,xgboost_defaults,,0,,,,50,1000,,,,,base,temporal_rolling.xgb.base.s0,edf06ea-dirty,elliptic_pp,65e8d161829d483f93edb1ac2e72efbd,abhinawap,/home/abhinawap/StudySes/mulegraph/.venv/bin/mulegraph,xgb,temporal_rolling,LOCAL,none,46a65966a3a2e489,2023.1,child
29d6f44754f74e2697e5851d362781ad,5,FINISHED,/home/abhinawap/StudySes/mulegraph/mlruns/5/29d6f44754f74e2697e5851d362781ad/artifacts,2026-09-19 06:37:07.152000+00:00,2026-09-19 06:37:07.307000+00:00,,,46.0,828.0,0.8469967455048976,0.5774744027303754,0.8863279223442078,17.98815541300064,13123.0,0.8256513026052105,,0.6640502354788069,0.5108695652173914,0.031746031746031744,,0.11626838855113203,0.8731443008331812,0.5792040816457452,0.6981450252951096,0.18055555555555555,20,200,neighbor,4,cuda,0.0,2,sage_default_2x64,True,0,64,0.2,0.001,,,,,,,base_gfp,temporal.sage.base_gfp.s4,edf06ea-dirty,elliptic_pp,65e8d161829d483f93edb1ac2e72efbd,abhinawap,/home/abhinawap/StudySes/mulegraph/.venv/bin/mulegraph,sage,temporal,LOCAL,a22c7accccccd0ed,f576c23d95a59084,2023.1,child
c1331e21e2b849e78ed9c755584c0885,5,FINISHED,/home/abhinawap/StudySes/mulegraph/mlruns/5/c1331e21e2b849e78ed9c755584c0885/artifacts,2026-09-19 06:36:48.559000+00:00,2026-09-19 06:36:48.711000+00:00,,,26.0,828.0,0.8444457542457038,0.5570987654320988,0.958061158657074,10.885630611999659,13123.0,0.825531914893617,,0.7713675213675214,0.4359903381642512,0.031746031746031744,,0.10241693908617983,0.8691654240657901,0.5803903528984158,0.6206896551724138,0.1739700865914458,20,200,neighbor,3,cuda,0.0,2,sage_default_2x64,True,0,64,0.2,0.001,,,,,,,base_gfp,temporal.sage.base_gfp.s3,edf06ea-dirty,elliptic_pp,65e8d161829d483f93edb1ac2e72efbd,abhinawap,/home/abhinawap/StudySes/mulegraph/.venv/bin/mulegraph,sage,temporal,LOCAL,a22c7accccccd0ed,f576c23d95a59084,2023.1,child
fb6240dc95b04509ad4cd0b8ec567b8d,5,FINISHED,/home/abhinawap/StudySes/mulegraph/mlruns/5/fb6240dc95b04509ad4cd0b8ec567b8d/artifacts,2026-09-19 06:36:39.522000+00:00,2026-09-19 06:36:39.692000+00:00,,,18.0,828.0,0.8487573987489033,0.5528089887640449,0.9491193294525146,9.073004428000786,13123.0,0.8205128205128205,,0.727810650887574,0.44565217391304346,0.03278688524590164,,0.16236728058762043,0.8859831674240147,0.5900727324972841,0.6602870813397129,0.19522968197879859,20,200,neighbor,2,cuda,0.0,2,sage_default_2x64,True,0,64,0.2,0.001,,,,,,,base_gfp,temporal.sage.base_gfp.s2,edf06ea-dirty,elliptic_pp,65e8d161829d483f93edb1ac2e72efbd,abhinawap,/home/abhinawap/StudySes/mulegraph/.venv/bin/mulegraph,sage,temporal,LOCAL,a22c7accccccd0ed,f576c23d95a59084,2023.1,child
30debaf7a6f44f499871ee583d5ae328,5,FINISHED,/home/abhinawap/StudySes/mulegraph/mlruns/5/30debaf7a6f44f499871ee583d5ae328/artifacts,2026-09-19 06:36:29.772000+00:00,2026-09-19 06:36:29.943000+00:00,,,29.0,828.0,0.8333173469192917,0.5644937586685159,0.8828919529914856,11.568455390000963,13123.0,0.787878787878788,,0.6628664495114006,0.4915458937198068,0.03125,,0.13659370154461087,0.8817856321940698,0.5759165701160563,0.6550632911392406,0.1918402777777778,20,200,neighbor,1,cuda,0.0,2,sage_default_2x64,True,0,64,0.2,0.001,,,,,,,base_gfp,temporal.sage.base_gfp.s1,edf06ea-dirty,elliptic_pp,65e8d161829d483f93edb1ac2e72efbd,abhinawap,/home/abhinawap/StudySes/mulegraph/.venv/bin/mulegraph,sage,temporal,LOCAL,a22c7accccccd0ed,f576c23d95a59084,2023.1,child
df10fc392cbd461db867807fe62b71fd,5,FINISHED,/home/abhinawap/StudySes/mulegraph/mlruns/5/df10fc392cbd461db867807fe62b71fd/artifacts,2026-09-19 06:36:17.499000+00:00,2026-09-19 06:36:17.677000+00:00,,,31.0,828.0,0.839330632965134,0.5192878338278932,0.9486319422721863,12.868500059001235,13123.0,0.8135593220338982,,0.6730769230769231,0.4227053140096618,0.0,,0.1526301830084056,0.878174034847833,0.5345870568734824,0.5774058577405857,0.1906816220880069,20,200,neighbor,0,cuda,0.0,2,sage_default_2x64,True,0,64,0.2,0.001,,,,,,,base_gfp,temporal.sage.base_gfp.s0,edf06ea-dirty,elliptic_pp,65e8d161829d483f93edb1ac2e72efbd,abhinawap,/home/abhinawap/StudySes/mulegraph/.venv/bin/mulegraph,sage,temporal,LOCAL,a22c7accccccd0ed,f576c23d95a59084,2023.1,child
1f19f1e6f7514fd2b176d2e1d2c4f204,5,FINISHED,/home/abhinawap/StudySes/mulegraph/mlruns/5/1f19f1e6f7514fd2b176d2e1d2c4f204/artifacts,2026-09-19 06:36:06.241000+00:00,2026-09-19 06:36:06.386000+00:00,,,75.0,828.0,0.8845033062349372,0.5879973027646662,0.9188771843910217,23.24888524400012,13123.0,0.8553719008264462,,0.665648854961832,0.5265700483091788,0.03225806451612903,,0.15157390109930896,0.8814484109443177,0.5158043623022344,0.672077922077922,0.19217391304347825,20,200,neighbor,4,cuda,0.0,2,sage_default_2x64,True,0,64,0.2,0.001,,,,,,,base,temporal.sage.base.s4,edf06ea-dirty,elliptic_pp,65e8d161829d483f93edb1ac2e72efbd,abhinawap,/home/abhinawap/StudySes/mulegraph/.venv/bin/mulegraph,sage,temporal,LOCAL,none,f576c23d95a59084,2023.1,child
d8e1e423253d43df918bcb922eb19bc0,5,FINISHED,/home/abhinawap/StudySes/mulegraph/mlruns/5/d8e1e423253d43df918bcb922eb19bc0/artifacts,2026-09-19 06:35:42.235000+00:00,2026-09-19 06:35:42.406000+00:00,,,46.0,828.0,0.8942082412648105,0.6027219701879456,0.9211122393608093,15.818660734001242,13123.0,0.8495934959349594,,0.6503496503496503,0.5615942028985508,0.03225806451612903,,0.14371687239173103,0.8867997477471106,0.5760768358193278,0.7353463587921847,0.20115291262135923,20,200,neighbor,3,cuda,0.0,2,sage_default_2x64,True,0,64,0.2,0.001,,,,,,,base,temporal.sage.base.s3,edf06ea-dirty,elliptic_pp,65e8d161829d483f93edb1ac2e72efbd,abhinawap,/home/abhinawap/StudySes/mulegraph/.venv/bin/mulegraph,sage,temporal,LOCAL,none,f576c23d95a59084,2023.1,child
e990ece88ed9476fa382afe6e231f62c,5,FINISHED,/home/abhinawap/StudySes/mulegraph/mlruns/5/e990ece88ed9476fa382afe6e231f62c/artifacts,2026-09-19 06:35:28.334000+00:00,2026-09-19 06:35:28.501000+00:00,,,71.0,828.0,0.8889951550895959,0.6224350205198358,0.9191766381263733,24.60548742300125,13123.0,0.868312757201646,,0.7176656151419558,0.5495169082125604,0.03508771929824561,,0.15282399462255813,0.8856385789753896,0.5698840768471799,0.7695167286245354,0.1976154992548435,20,200,neighbor,2,cuda,0.0,2,sage_default_2x64,True,0,64,0.2,0.001,,,,,,,base,temporal.sage.base.s2,edf06ea-dirty,elliptic_pp,65e8d161829d483f93edb1ac2e72efbd,abhinawap,/home/abhinawap/StudySes/mulegraph/.venv/bin/mulegraph,sage,temporal,LOCAL,none,f576c23d95a59084,2023.1,child
2f7c28a50db545abaa3796865d52c559,5,FINISHED,/home/abhinawap/StudySes/mulegraph/mlruns/5/2f7c28a50db545abaa3796865d52c559/artifacts,2026-09-19 06:35:05.705000+00:00,2026-09-19 06:35:05.822000+00:00,,,67.0,828.0,0.8742488804761929,0.5957746478873239,0.9408062100410461,22.531843080001636,13123.0,0.8493723849372383,,0.714527027027027,0.5108695652173914,0.03333333333333333,,0.1303353566279684,0.8761671116454787,0.5545397819161543,0.7366548042704626,0.19340723453908984,20,200,neighbor,1,cuda,0.0,2,sage_default_2x64,True,0,64,0.2,0.001,,,,,,,base,temporal.sage.base.s1,edf06ea-dirty,elliptic_pp,65e8d161829d483f93edb1ac2e72efbd,abhinawap,/home/abhinawap/StudySes/mulegraph/.venv/bin/mulegraph,sage,temporal,LOCAL,none,f576c23d95a59084,2023.1,child
a121a56c27ce45cba8eb297e0b68ec52,5,FINISHED,/home/abhinawap/StudySes/mulegraph/mlruns/5/a121a56c27ce45cba8eb297e0b68ec52/artifacts,2026-09-19 06:34:42.478000+00:00,2026-09-19 06:34:42.668000+00:00,,,12.0,828.0,0.8577038407561873,0.6023113528212101,0.8524354696273804,8.083325975998378,13123.0,0.8418972332015812,,0.6889580093312597,0.535024154589372,0.03225806451612903,,0.1092610808306578,0.8850041158084371,0.6370554101672246,0.7915869980879541,0.20406278855032317,20,200,neighbor,0,cuda,0.0,2,sage_default_2x64,True,0,64,0.2,0.001,,,,,,,base,temporal.sage.base.s0,edf06ea-dirty,elliptic_pp,65e8d161829d483f93edb1ac2e72efbd,abhinawap,/home/abhinawap/StudySes/mulegraph/.venv/bin/mulegraph,sage,temporal,LOCAL,none,f576c23d95a59084,2023.1,child
55d6ea3e7139441da4cf96fc2c92e1cf,5,FINISHED,/home/abhinawap/StudySes/mulegraph/mlruns/5/55d6ea3e7139441da4cf96fc2c92e1cf/artifacts,2026-09-19 06:34:35.162000+00:00,2026-09-19 06:34:35.294000+00:00,,,182.0,828.0,0.9586351655543043,0.718299164768413,0.9708261489868164,1.0424946560015087,13123.0,0.9382716049382716,,0.967280163599182,0.571256038647343,0.03508771929824561,,0.14020357858066365,0.8748915057179286,0.7148052327148748,0.9975903614457832,0.1588785046728972,,,none,4,cuda,,,xgboost_defaults,,0,,,,50,1000,,,,,base_gfp,temporal.xgb.base_gfp.s4,edf06ea-dirty,elliptic_pp,65e8d161829d483f93edb1ac2e72efbd,abhinawap,/home/abhinawap/StudySes/mulegraph/.venv/bin/mulegraph,xgb,temporal,LOCAL,a22c7accccccd0ed,f576c23d95a59084,2023.1,child
0b5fd01af9944efb8c0de0c61edaaf41,5,FINISHED,/home/abhinawap/StudySes/mulegraph/mlruns/5/0b5fd01af9944efb8c0de0c61edaaf41/artifacts,2026-09-19 06:34:33.792000+00:00,2026-09-19 06:34:33.964000+00:00,,,182.0,828.0,0.9586351655543043,0.718299164768413,0.9708261489868164,1.0921896479994757,13123.0,0.9382716049382716,,0.967280163599182,0.571256038647343,0.03508771929824561,,0.14020357858066365,0.8748915057179286,0.7148052327148748,0.9975903614457832,0.1588785046728972,,,none,3,cuda,,,xgboost_defaults,,0,,,,50,1000,,,,,base_gfp,temporal.xgb.base_gfp.s3,edf06ea-dirty,elliptic_pp,65e8d161829d483f93edb1ac2e72efbd,abhinawap,/home/abhinawap/StudySes/mulegraph/.venv/bin/mulegraph,xgb,temporal,LOCAL,a22c7accccccd0ed,f576c23d95a59084,2023.1,child
5b95ea3794b64e078eaede6689e2b687,5,FINISHED,/home/abhinawap/StudySes/mulegraph/mlruns/5/5b95ea3794b64e078eaede6689e2b687/artifacts,2026-09-19 06:34:32.356000+00:00,2026-09-19 06:34:32.510000+00:00,,,182.0,828.0,0.9586351655543043,0.718299164768413,0.9708261489868164,1.092205697999816,13123.0,0.9382716049382716,,0.967280163599182,0.571256038647343,0.03508771929824561,,0.14020357858066365,0.8748915057179286,0.7148052327148748,0.9975903614457832,0.1588785046728972,,,none,2,cuda,,,xgboost_defaults,,0,,,,50,1000,,,,,base_gfp,temporal.xgb.base_gfp.s2,edf06ea-dirty,elliptic_pp,65e8d161829d483f93edb1ac2e72efbd,abhinawap,/home/abhinawap/StudySes/mulegraph/.venv/bin/mulegraph,xgb,temporal,LOCAL,a22c7accccccd0ed,f576c23d95a59084,2023.1,child
55f6dd69db864a758919fe06644506b7,5,FINISHED,/home/abhinawap/StudySes/mulegraph/mlruns/5/55f6dd69db864a758919fe06644506b7/artifacts,2026-09-19 06:34:30.957000+00:00,2026-09-19 06:34:31.101000+00:00,,,182.0,828.0,0.9586351655543043,0.718299164768413,0.9708261489868164,1.1637928199997987,13123.0,0.9382716049382716,,0.967280163599182,0.571256038647343,0.03508771929824561,,0.14020357858066365,0.8748915057179286,0.7148052327148748,0.9975903614457832,0.1588785046728972,,,none,1,cuda,,,xgboost_defaults,,0,,,,50,1000,,,,,base_gfp,temporal.xgb.base_gfp.s1,edf06ea-dirty,elliptic_pp,65e8d161829d483f93edb1ac2e72efbd,abhinawap,/home/abhinawap/StudySes/mulegraph/.venv/bin/mulegraph,xgb,temporal,LOCAL,a22c7accccccd0ed,f576c23d95a59084,2023.1,child
2457116865e245bc9b02da171650e145,5,FINISHED,/home/abhinawap/StudySes/mulegraph/mlruns/5/2457116865e245bc9b02da171650e145/artifacts,2026-09-19 06:34:29.474000+00:00,2026-09-19 06:34:29.637000+00:00,,,182.0,828.0,0.9586351655543043,0.718299164768413,0.9708261489868164,1.0995331989997794,13123.0,0.9382716049382716,,0.967280163599182,0.571256038647343,0.03508771929824561,,0.14020357858066365,0.8748915057179286,0.7148052327148748,0.9975903614457832,0.1588785046728972,,,none,0,cuda,,,xgboost_defaults,,0,,,,50,1000,,,,,base_gfp,temporal.xgb.base_gfp.s0,edf06ea-dirty,elliptic_pp,65e8d161829d483f93edb1ac2e72efbd,abhinawap,/home/abhinawap/StudySes/mulegraph/.venv/bin/mulegraph,xgb,temporal,LOCAL,a22c7accccccd0ed,f576c23d95a59084,2023.1,child
a6a714c34206493d973a66b70a731303,5,FINISHED,/home/abhinawap/StudySes/mulegraph/mlruns/5/a6a714c34206493d973a66b70a731303/artifacts,2026-09-19 06:34:28.038000+00:00,2026-09-19 06:34:28.184000+00:00,,,59.0,828.0,0.959444297262492,0.7215007215007215,0.8715395331382751,0.6129127639997023,13123.0,0.9308943089430894,,0.8960573476702509,0.6038647342995169,0.0,,0.22875152624571563,0.9106901002528422,0.7264431258771145,0.9833729216152018,0.19592198581560283,,,none,4,cuda,,,xgboost_defaults,,0,,,,50,1000,,,,,base,temporal.xgb.base.s4,edf06ea-dirty,elliptic_pp,65e8d161829d483f93edb1ac2e72efbd,abhinawap,/home/abhinawap/StudySes/mulegraph/.venv/bin/mulegraph,xgb,temporal,LOCAL,none,f576c23d95a59084,2023.1,child
63d598a5efb34a8b9c6d85346166c200,5,FINISHED,/home/abhinawap/StudySes/mulegraph/mlruns/5/63d598a5efb34a8b9c6d85346166c200/artifacts,2026-09-19 06:34:27.109000+00:00,2026-09-19 06:34:27.273000+00:00,,,59.0,828.0,0.959444297262492,0.7215007215007215,0.8715395331382751,0.575783408999996,13123.0,0.9308943089430894,,0.8960573476702509,0.6038647342995169,0.0,,0.22875152624571563,0.9106901002528422,0.7264431258771145,0.9833729216152018,0.19592198581560283,,,none,3,cuda,,,xgboost_defaults,,0,,,,50,1000,,,,,base,temporal.xgb.base.s3,edf06ea-dirty,elliptic_pp,65e8d161829d483f93edb1ac2e72efbd,abhinawap,/home/abhinawap/StudySes/mulegraph/.venv/bin/mulegraph,xgb,temporal,LOCAL,none,f576c23d95a59084,2023.1,child
8f5663cb3bbe4bab9ed42ae3cc4f8843,5,FINISHED,/home/abhinawap/StudySes/mulegraph/mlruns/5/8f5663cb3bbe4bab9ed42ae3cc4f8843/artifacts,2026-09-19 06:34:26.217000+00:00,2026-09-19 06:34:26.364000+00:00,,,59.0,828.0,0.959444297262492,0.7215007215007215,0.8715395331382751,0.6507049400006508,13123.0,0.9308943089430894,,0.8960573476702509,0.6038647342995169,0.0,,0.22875152624571563,0.9106901002528422,0.7264431258771145,0.9833729216152018,0.19592198581560283,,,none,2,cuda,,,xgboost_defaults,,0,,,,50,1000,,,,,base,temporal.xgb.base.s2,edf06ea-dirty,elliptic_pp,65e8d161829d483f93edb1ac2e72efbd,abhinawap,/home/abhinawap/StudySes/mulegraph/.venv/bin/mulegraph,xgb,temporal,LOCAL,none,f576c23d95a59084,2023.1,child
12e3c34c42084fb1ac18e635da19394c,5,FINISHED,/home/abhinawap/StudySes/mulegraph/mlruns/5/12e3c34c42084fb1ac18e635da19394c/artifacts,2026-09-19 06:34:25.296000+00:00,2026-09-19 06:34:25.429000+00:00,,,59.0,828.0,0.959444297262492,0.7215007215007215,0.8715395331382751,0.530737766999664,13123.0,0.9308943089430894,,0.8960573476702509,0.6038647342995169,0.0,,0.22875152624571563,0.9106901002528422,0.7264431258771145,0.9833729216152018,0.19592198581560283,,,none,1,cuda,,,xgboost_defaults,,0,,,,50,1000,,,,,base,temporal.xgb.base.s1,edf06ea-dirty,elliptic_pp,65e8d161829d483f93edb1ac2e72efbd,abhinawap,/home/abhinawap/StudySes/mulegraph/.venv/bin/mulegraph,xgb,temporal,LOCAL,none,f576c23d95a59084,2023.1,child
8b1eb6d231ca4b2ea45e0cab2e95ffd6,5,FINISHED,/home/abhinawap/StudySes/mulegraph/mlruns/5/8b1eb6d231ca4b2ea45e0cab2e95ffd6/artifacts,2026-09-19 06:34:24.487000+00:00,2026-09-19 06:34:24.601000+00:00,,,59.0,828.0,0.959444297262492,0.7215007215007215,0.8715395331382751,0.9850926749986684,13123.0,0.9308943089430894,,0.8960573476702509,0.6038647342995169,0.0,,0.22875152624571563,0.9106901002528422,0.7264431258771145,0.9833729216152018,0.19592198581560283,,,none,0,cuda,,,xgboost_defaults,,0,,,,50,1000,,,,,base,temporal.xgb.base.s0,edf06ea-dirty,elliptic_pp,65e8d161829d483f93edb1ac2e72efbd,abhinawap,/home/abhinawap/StudySes/mulegraph/.venv/bin/mulegraph,xgb,temporal,LOCAL,none,f576c23d95a59084,2023.1,child
65e8d161829d483f93edb1ac2e72efbd,5,FINISHED,/home/abhinawap/StudySes/mulegraph/mlruns/5/65e8d161829d483f93edb1ac2e72efbd/artifacts,2026-09-19 06:34:23.314000+00:00,2026-09-19 07:10:59.509000+00:00,,,,,,,,,,,,,,,,,,,,,,,,,cuda,,,,,0,,,,,,a22c7accccccd0ed,"[0, 1, 2, 3, 4]",260,2023.1,,elliptic_rolling.edf06ea-dirty,edf06ea-dirty,elliptic_pp,,abhinawap,/home/abhinawap/StudySes/mulegraph/.venv/bin/mulegraph,,,LOCAL,,,,parent
