run_id,experiment_id,status,artifact_uri,start_time,end_time,metrics.best_iteration,metrics.diag_n_pos,metrics.val_pr_auc,metrics.test_f1,metrics.threshold,metrics.fit_seconds,metrics.test_p_at_r50,metrics.test_roc_auc,metrics.diag_n,metrics.val_f1,metrics.test_pr_auc,metrics.diag_precision,metrics.diag_recall,metrics.ts_f1,metrics.test_p_at_r80,metrics.ts_pr_auc,params.model.patience,params.model.epochs,params.sampler,params.seed,params.device,params.model.weight_decay,params.model.layers,params.trial0_source,params.model.undirected,params.trials_completed,params.model.hidden,params.model.dropout,params.model.lr,params.model.early_stopping_rounds,params.model.n_estimators,params.dataset_version,params.seeds,tags.features,tags.mlflow.runName,tags.git_commit,tags.dataset,tags.mlflow.parentRunId,tags.mlflow.user,tags.mlflow.source.name,tags.model,tags.regime,tags.mlflow.source.type,tags.feature_version,tags.split_hash,tags.dataset_version,tags.kind
dde69d995da94125b6cf8ac3e02261e8,2,FINISHED,/home/abhinawap/StudySes/mulegraph/mlruns/2/dde69d995da94125b6cf8ac3e02261e8/artifacts,2026-09-19 07:16:03.766000+00:00,2026-09-19 07:16:03.924000+00:00,71.0,828.0,0.8572624598621142,0.5640307907627712,0.907422661781311,19.90934503399876,0.6282245827010622,0.8716533762398996,13123.0,0.8448979591836735,0.5644552945313861,0.670549084858569,0.4867149758454106,0.0,0.17880258899676377,0.12584031859115413,20,200,neighbor,4,cuda,0.0,2,sage_default_2x64,True,0,64,0.2,0.001,,,,,base_gfp,temporal.sage.base_gfp.s4,7a19cb9,elliptic_pp,e88be1ed197c487fbe3b810cf96b7f26,abhinawap,/home/abhinawap/StudySes/mulegraph/.venv/bin/mulegraph,sage,temporal,LOCAL,a22c7accccccd0ed,f576c23d95a59084,2023.1,child
2e0cea87a6ca4f56b55c4380afa6f1bb,2,FINISHED,/home/abhinawap/StudySes/mulegraph/mlruns/2/2e0cea87a6ca4f56b55c4380afa6f1bb/artifacts,2026-09-19 07:15:32.659000+00:00,2026-09-19 07:15:32.829000+00:00,26.0,828.0,0.8462010756498989,0.5467289719626168,0.9575363397598267,11.051804291000735,0.6179104477611941,0.8697100565211499,13123.0,0.821505376344086,0.5801885627835636,0.7697368421052632,0.42391304347826086,0.03125,0.17779565567176187,0.10251702425428823,20,200,neighbor,3,cuda,0.0,2,sage_default_2x64,True,0,64,0.2,0.001,,,,,base_gfp,temporal.sage.base_gfp.s3,7a19cb9,elliptic_pp,e88be1ed197c487fbe3b810cf96b7f26,abhinawap,/home/abhinawap/StudySes/mulegraph/.venv/bin/mulegraph,sage,temporal,LOCAL,a22c7accccccd0ed,f576c23d95a59084,2023.1,child
ccf1d94ec01d4dfe8553741f5a66a0ea,2,FINISHED,/home/abhinawap/StudySes/mulegraph/mlruns/2/ccf1d94ec01d4dfe8553741f5a66a0ea/artifacts,2026-09-19 07:15:10.524000+00:00,2026-09-19 07:15:10.676000+00:00,26.0,828.0,0.86003764795097,0.5486250838363514,0.834385097026825,10.909113430998332,0.6115214180206795,0.8774806340898956,13123.0,0.8220858895705521,0.5564917458507479,0.6168929110105581,0.4939613526570048,0.031746031746031744,0.19206257242178448,0.136128066826617,20,200,neighbor,2,cuda,0.0,2,sage_default_2x64,True,0,64,0.2,0.001,,,,,base_gfp,temporal.sage.base_gfp.s2,7a19cb9,elliptic_pp,e88be1ed197c487fbe3b810cf96b7f26,abhinawap,/home/abhinawap/StudySes/mulegraph/.venv/bin/mulegraph,sage,temporal,LOCAL,a22c7accccccd0ed,f576c23d95a59084,2023.1,child
228796cc0f97427e8a2e9c539ebbb667,2,FINISHED,/home/abhinawap/StudySes/mulegraph/mlruns/2/228796cc0f97427e8a2e9c539ebbb667/artifacts,2026-09-19 07:14:48.294000+00:00,2026-09-19 07:14:48.447000+00:00,9.0,828.0,0.8243597626461279,0.5477996965098634,0.9153380990028381,6.729183305000333,0.6499215070643642,0.8754854001764197,13123.0,0.7966457023060797,0.5797810343024683,0.736734693877551,0.4359903381642512,0.03333333333333333,0.17813003761418592,0.11637383673385251,20,200,neighbor,1,cuda,0.0,2,sage_default_2x64,True,0,64,0.2,0.001,,,,,base_gfp,temporal.sage.base_gfp.s1,7a19cb9,elliptic_pp,e88be1ed197c487fbe3b810cf96b7f26,abhinawap,/home/abhinawap/StudySes/mulegraph/.venv/bin/mulegraph,sage,temporal,LOCAL,a22c7accccccd0ed,f576c23d95a59084,2023.1,child
3d7bedbcdc6446b59bded396aaf98f1a,2,FINISHED,/home/abhinawap/StudySes/mulegraph/mlruns/2/3d7bedbcdc6446b59bded396aaf98f1a/artifacts,2026-09-19 07:14:27.627000+00:00,2026-09-19 07:14:27.772000+00:00,33.0,828.0,0.8439301594064207,0.5591973244147157,0.831990122795105,12.667844800998864,0.6349693251533742,0.8869663937856204,13123.0,0.8167330677290836,0.550451521621871,0.6266866566716641,0.5048309178743962,0.0625,0.19673590504451038,0.18009922351507465,20,200,neighbor,0,cuda,0.0,2,sage_default_2x64,True,0,64,0.2,0.001,,,,,base_gfp,temporal.sage.base_gfp.s0,7a19cb9,elliptic_pp,e88be1ed197c487fbe3b810cf96b7f26,abhinawap,/home/abhinawap/StudySes/mulegraph/.venv/bin/mulegraph,sage,temporal,LOCAL,a22c7accccccd0ed,f576c23d95a59084,2023.1,child
b2c7c76ea8214bf5b708cc490c0f5fa2,2,FINISHED,/home/abhinawap/StudySes/mulegraph/mlruns/2/b2c7c76ea8214bf5b708cc490c0f5fa2/artifacts,2026-09-19 07:14:02.857000+00:00,2026-09-19 07:14:03.004000+00:00,182.0,828.0,0.9586351655543043,0.718299164768413,0.9708261489868164,3.1368099020000955,0.9975903614457832,0.8748915057179286,13123.0,0.9382716049382716,0.7148052327148748,0.967280163599182,0.571256038647343,0.03508771929824561,0.1588785046728972,0.14020357858066365,,,none,4,cuda,,,xgboost_defaults,,0,,,,50,1000,,,base_gfp,temporal.xgb.base_gfp.s4,7a19cb9,elliptic_pp,e88be1ed197c487fbe3b810cf96b7f26,abhinawap,/home/abhinawap/StudySes/mulegraph/.venv/bin/mulegraph,xgb,temporal,LOCAL,a22c7accccccd0ed,f576c23d95a59084,2023.1,child
e6a1ce6f80864d1bb3fa3ea4afdc6fbe,2,FINISHED,/home/abhinawap/StudySes/mulegraph/mlruns/2/e6a1ce6f80864d1bb3fa3ea4afdc6fbe/artifacts,2026-09-19 07:13:48.784000+00:00,2026-09-19 07:13:48.943000+00:00,182.0,828.0,0.9586351655543043,0.718299164768413,0.9708261489868164,3.556606660000398,0.9975903614457832,0.8748915057179286,13123.0,0.9382716049382716,0.7148052327148748,0.967280163599182,0.571256038647343,0.03508771929824561,0.1588785046728972,0.14020357858066365,,,none,3,cuda,,,xgboost_defaults,,0,,,,50,1000,,,base_gfp,temporal.xgb.base_gfp.s3,7a19cb9,elliptic_pp,e88be1ed197c487fbe3b810cf96b7f26,abhinawap,/home/abhinawap/StudySes/mulegraph/.venv/bin/mulegraph,xgb,temporal,LOCAL,a22c7accccccd0ed,f576c23d95a59084,2023.1,child
38fd6550ace24f5abaa460c066b52a61,2,FINISHED,/home/abhinawap/StudySes/mulegraph/mlruns/2/38fd6550ace24f5abaa460c066b52a61/artifacts,2026-09-19 07:13:31.907000+00:00,2026-09-19 07:13:32.052000+00:00,182.0,828.0,0.9586351655543043,0.718299164768413,0.9708261489868164,3.3511158040000737,0.9975903614457832,0.8748915057179286,13123.0,0.9382716049382716,0.7148052327148748,0.967280163599182,0.571256038647343,0.03508771929824561,0.1588785046728972,0.14020357858066365,,,none,2,cuda,,,xgboost_defaults,,0,,,,50,1000,,,base_gfp,temporal.xgb.base_gfp.s2,7a19cb9,elliptic_pp,e88be1ed197c487fbe3b810cf96b7f26,abhinawap,/home/abhinawap/StudySes/mulegraph/.venv/bin/mulegraph,xgb,temporal,LOCAL,a22c7accccccd0ed,f576c23d95a59084,2023.1,child
7ced7cd92fb94b118b2fd1359b459fce,2,FINISHED,/home/abhinawap/StudySes/mulegraph/mlruns/2/7ced7cd92fb94b118b2fd1359b459fce/artifacts,2026-09-19 07:13:17.596000+00:00,2026-09-19 07:13:17.755000+00:00,182.0,828.0,0.9586351655543043,0.718299164768413,0.9708261489868164,3.2737344409997604,0.9975903614457832,0.8748915057179286,13123.0,0.9382716049382716,0.7148052327148748,0.967280163599182,0.571256038647343,0.03508771929824561,0.1588785046728972,0.14020357858066365,,,none,1,cuda,,,xgboost_defaults,,0,,,,50,1000,,,base_gfp,temporal.xgb.base_gfp.s1,7a19cb9,elliptic_pp,e88be1ed197c487fbe3b810cf96b7f26,abhinawap,/home/abhinawap/StudySes/mulegraph/.venv/bin/mulegraph,xgb,temporal,LOCAL,a22c7accccccd0ed,f576c23d95a59084,2023.1,child
9911834b68f34238b42cdd06906e30d6,2,FINISHED,/home/abhinawap/StudySes/mulegraph/mlruns/2/9911834b68f34238b42cdd06906e30d6/artifacts,2026-09-19 07:13:01.021000+00:00,2026-09-19 07:13:01.176000+00:00,182.0,828.0,0.9586351655543043,0.718299164768413,0.9708261489868164,1.177301374000308,0.9975903614457832,0.8748915057179286,13123.0,0.9382716049382716,0.7148052327148748,0.967280163599182,0.571256038647343,0.03508771929824561,0.1588785046728972,0.14020357858066365,,,none,0,cuda,,,xgboost_defaults,,0,,,,50,1000,,,base_gfp,temporal.xgb.base_gfp.s0,7a19cb9,elliptic_pp,e88be1ed197c487fbe3b810cf96b7f26,abhinawap,/home/abhinawap/StudySes/mulegraph/.venv/bin/mulegraph,xgb,temporal,LOCAL,a22c7accccccd0ed,f576c23d95a59084,2023.1,child
e88be1ed197c487fbe3b810cf96b7f26,2,FINISHED,/home/abhinawap/StudySes/mulegraph/mlruns/2/e88be1ed197c487fbe3b810cf96b7f26/artifacts,2026-09-19 07:12:59.619000+00:00,2026-09-19 07:16:16.826000+00:00,,,,,,,,,,,,,,,,,,,,,,,,,,,,,,,,2023.1,"[0, 1, 2, 3, 4]",,elliptic_drift.7a19cb9,7a19cb9,elliptic_pp,,abhinawap,/home/abhinawap/StudySes/mulegraph/.venv/bin/mulegraph,,,LOCAL,,,,parent
bb99ad9043d74cc0b3b267212fcf2367,2,FINISHED,/home/abhinawap/StudySes/mulegraph/mlruns/2/bb99ad9043d74cc0b3b267212fcf2367/artifacts,2026-09-19 07:12:29.284000+00:00,2026-09-19 07:12:29.431000+00:00,182.0,828.0,0.9586351655543043,0.718299164768413,0.9708261489868164,3.8255415949988674,0.9975903614457832,0.8748915057179286,13123.0,0.9382716049382716,0.7148052327148748,0.967280163599182,0.571256038647343,0.03508771929824561,0.1588785046728972,0.14020357858066365,,,none,4,cuda,,,xgboost_defaults,,0,,,,50,1000,,,base_gfp,temporal.xgb.base_gfp.s4,7a19cb9-dirty,elliptic_pp,024fc545908d4306977a7be782c10de6,abhinawap,/home/abhinawap/StudySes/mulegraph/.venv/bin/mulegraph,xgb,temporal,LOCAL,a22c7accccccd0ed,f576c23d95a59084,2023.1,child
a9305659bacd4dfda0ed87b37efb5e1a,2,FINISHED,/home/abhinawap/StudySes/mulegraph/mlruns/2/a9305659bacd4dfda0ed87b37efb5e1a/artifacts,2026-09-19 07:12:14.600000+00:00,2026-09-19 07:12:14.748000+00:00,182.0,828.0,0.9586351655543043,0.718299164768413,0.9708261489868164,3.0375557679999474,0.9975903614457832,0.8748915057179286,13123.0,0.9382716049382716,0.7148052327148748,0.967280163599182,0.571256038647343,0.03508771929824561,0.1588785046728972,0.14020357858066365,,,none,3,cuda,,,xgboost_defaults,,0,,,,50,1000,,,base_gfp,temporal.xgb.base_gfp.s3,7a19cb9-dirty,elliptic_pp,024fc545908d4306977a7be782c10de6,abhinawap,/home/abhinawap/StudySes/mulegraph/.venv/bin/mulegraph,xgb,temporal,LOCAL,a22c7accccccd0ed,f576c23d95a59084,2023.1,child
b5f8fb6426844e80870459755c01b90f,2,FINISHED,/home/abhinawap/StudySes/mulegraph/mlruns/2/b5f8fb6426844e80870459755c01b90f/artifacts,2026-09-19 07:11:57.977000+00:00,2026-09-19 07:11:58.122000+00:00,182.0,828.0,0.9586351655543043,0.718299164768413,0.9708261489868164,3.343214436999915,0.9975903614457832,0.8748915057179286,13123.0,0.9382716049382716,0.7148052327148748,0.967280163599182,0.571256038647343,0.03508771929824561,0.1588785046728972,0.14020357858066365,,,none,2,cuda,,,xgboost_defaults,,0,,,,50,1000,,,base_gfp,temporal.xgb.base_gfp.s2,7a19cb9-dirty,elliptic_pp,024fc545908d4306977a7be782c10de6,abhinawap,/home/abhinawap/StudySes/mulegraph/.venv/bin/mulegraph,xgb,temporal,LOCAL,a22c7accccccd0ed,f576c23d95a59084,2023.1,child
7f8fdc0bf9994be686a0cb5aa0aa64c0,2,FINISHED,/home/abhinawap/StudySes/mulegraph/mlruns/2/7f8fdc0bf9994be686a0cb5aa0aa64c0/artifacts,2026-09-19 07:11:43.530000+00:00,2026-09-19 07:11:43.689000+00:00,182.0,828.0,0.9586351655543043,0.718299164768413,0.9708261489868164,2.9848904440004844,0.9975903614457832,0.8748915057179286,13123.0,0.9382716049382716,0.7148052327148748,0.967280163599182,0.571256038647343,0.03508771929824561,0.1588785046728972,0.14020357858066365,,,none,1,cuda,,,xgboost_defaults,,0,,,,50,1000,,,base_gfp,temporal.xgb.base_gfp.s1,7a19cb9-dirty,elliptic_pp,024fc545908d4306977a7be782c10de6,abhinawap,/home/abhinawap/StudySes/mulegraph/.venv/bin/mulegraph,xgb,temporal,LOCAL,a22c7accccccd0ed,f576c23d95a59084,2023.1,child
e8b3fabfdfa044eb89c911174d043671,2,FINISHED,/home/abhinawap/StudySes/mulegraph/mlruns/2/e8b3fabfdfa044eb89c911174d043671/artifacts,2026-09-19 07:11:27.087000+00:00,2026-09-19 07:11:27.242000+00:00,182.0,828.0,0.9586351655543043,0.718299164768413,0.9708261489868164,1.2050834399997257,0.9975903614457832,0.8748915057179286,13123.0,0.9382716049382716,0.7148052327148748,0.967280163599182,0.571256038647343,0.03508771929824561,0.1588785046728972,0.14020357858066365,,,none,0,cuda,,,xgboost_defaults,,0,,,,50,1000,,,base_gfp,temporal.xgb.base_gfp.s0,7a19cb9-dirty,elliptic_pp,024fc545908d4306977a7be782c10de6,abhinawap,/home/abhinawap/StudySes/mulegraph/.venv/bin/mulegraph,xgb,temporal,LOCAL,a22c7accccccd0ed,f576c23d95a59084,2023.1,child
024fc545908d4306977a7be782c10de6,2,RUNNING,/home/abhinawap/StudySes/mulegraph/mlruns/2/024fc545908d4306977a7be782c10de6/artifacts,2026-09-19 07:11:25.624000+00:00,,,,,,,,,,,,,,,,,,,,,,,,,,,,,,,,,2023.1,"[0, 1, 2, 3, 4]",,elliptic_drift.7a19cb9-dirty,7a19cb9-dirty,elliptic_pp,,abhinawap,/home/abhinawap/StudySes/mulegraph/.venv/bin/mulegraph,,,LOCAL,,,,parent
5254274382c6443aabab0834e597c3e5,2,FINISHED,/home/abhinawap/StudySes/mulegraph/mlruns/2/5254274382c6443aabab0834e597c3e5/artifacts,2026-09-19 06:33:55.497000+00:00,2026-09-19 06:33:55.657000+00:00,22.0,828.0,0.8434707183880698,0.5933147632311978,0.8955336809158325,10.396978036000291,0.7379679144385026,0.8931035160202195,13123.0,0.8202020202020202,0.6157943366783138,0.7006578947368421,0.5144927536231884,0.06349206349206349,0.19454225352112675,0.2108893593542925,20,200,neighbor,4,cuda,0.0,2,sage_default_2x64,True,0,64,0.2,0.001,,,,,base_gfp,temporal.sage.base_gfp.s4,edf06ea,elliptic_pp,f4f4abaf6fc145e9be6af7e8eeb27e45,abhinawap,/home/abhinawap/StudySes/mulegraph/.venv/bin/mulegraph,sage,temporal,LOCAL,a22c7accccccd0ed,f576c23d95a59084,2023.1,child
272ccb4f951542779a0954724118cc4d,2,FINISHED,/home/abhinawap/StudySes/mulegraph/mlruns/2/272ccb4f951542779a0954724118cc4d/artifacts,2026-09-19 06:33:33.673000+00:00,2026-09-19 06:33:33.840000+00:00,26.0,828.0,0.848123092553463,0.5588458618071375,0.953489363193512,12.737628258999393,0.6088235294117647,0.869674104590649,13123.0,0.8237791932059447,0.5797721993939219,0.7525562372188139,0.4444444444444444,0.031746031746031744,0.17590872910586364,0.1003578307805312,20,200,neighbor,3,cuda,0.0,2,sage_default_2x64,True,0,64,0.2,0.001,,,,,base_gfp,temporal.sage.base_gfp.s3,edf06ea,elliptic_pp,f4f4abaf6fc145e9be6af7e8eeb27e45,abhinawap,/home/abhinawap/StudySes/mulegraph/.venv/bin/mulegraph,sage,temporal,LOCAL,a22c7accccccd0ed,f576c23d95a59084,2023.1,child
10f2d5c14f6e4ab8bf83de63f427c676,2,FINISHED,/home/abhinawap/StudySes/mulegraph/mlruns/2/10f2d5c14f6e4ab8bf83de63f427c676/artifacts,2026-09-19 06:33:09.115000+00:00,2026-09-19 06:33:09.269000+00:00,26.0,828.0,0.8612613403292624,0.5532484929671801,0.8385275602340698,12.376357937000648,0.6216216216216216,0.8814190403781434,13123.0,0.8323232323232324,0.5686922678044253,0.6210526315789474,0.49879227053140096,0.03125,0.1998794091046126,0.14748915815604302,20,200,neighbor,2,cuda,0.0,2,sage_default_2x64,True,0,64,0.2,0.001,,,,,base_gfp,temporal.sage.base_gfp.s2,edf06ea,elliptic_pp,f4f4abaf6fc145e9be6af7e8eeb27e45,abhinawap,/home/abhinawap/StudySes/mulegraph/.venv/bin/mulegraph,sage,temporal,LOCAL,a22c7accccccd0ed,f576c23d95a59084,2023.1,child
083e17fe89c14c56a89d75f6ad6aada9,2,FINISHED,/home/abhinawap/StudySes/mulegraph/mlruns/2/083e17fe89c14c56a89d75f6ad6aada9/artifacts,2026-09-19 06:32:42.376000+00:00,2026-09-19 06:32:42.536000+00:00,9.0,828.0,0.8243597626461279,0.5477996965098634,0.9153380990028381,7.057083247000264,0.6499215070643642,0.8754854001764198,13123.0,0.7966457023060797,0.5797810343024683,0.736734693877551,0.4359903381642512,0.03333333333333333,0.17813003761418592,0.11637383673385251,20,200,neighbor,1,cuda,0.0,2,sage_default_2x64,True,0,64,0.2,0.001,,,,,base_gfp,temporal.sage.base_gfp.s1,edf06ea,elliptic_pp,f4f4abaf6fc145e9be6af7e8eeb27e45,abhinawap,/home/abhinawap/StudySes/mulegraph/.venv/bin/mulegraph,sage,temporal,LOCAL,a22c7accccccd0ed,f576c23d95a59084,2023.1,child
c6b35d2f33c14e09ac0e3dc3c6c24988,2,FINISHED,/home/abhinawap/StudySes/mulegraph/mlruns/2/c6b35d2f33c14e09ac0e3dc3c6c24988/artifacts,2026-09-19 06:32:23.374000+00:00,2026-09-19 06:32:23.539000+00:00,37.0,828.0,0.843451928832833,0.5414141414141415,0.842671811580658,15.46905462200084,0.5880681818181818,0.8792117293664404,13123.0,0.8032128514056225,0.5394551961736888,0.6118721461187214,0.4855072463768116,0.03076923076923077,0.19002579535683578,0.1499119930754753,20,200,neighbor,0,cuda,0.0,2,sage_default_2x64,True,0,64,0.2,0.001,,,,,base_gfp,temporal.sage.base_gfp.s0,edf06ea,elliptic_pp,f4f4abaf6fc145e9be6af7e8eeb27e45,abhinawap,/home/abhinawap/StudySes/mulegraph/.venv/bin/mulegraph,sage,temporal,LOCAL,a22c7accccccd0ed,f576c23d95a59084,2023.1,child
31440c1e9c2f4647908ab1d25848e3e5,2,FINISHED,/home/abhinawap/StudySes/mulegraph/mlruns/2/31440c1e9c2f4647908ab1d25848e3e5/artifacts,2026-09-19 06:31:55.484000+00:00,2026-09-19 06:31:55.627000+00:00,182.0,828.0,0.9586351655543043,0.718299164768413,0.9708261489868164,4.1342602130007435,0.9975903614457832,0.8748915057179286,13123.0,0.9382716049382716,0.7148052327148748,0.967280163599182,0.571256038647343,0.03508771929824561,0.1588785046728972,0.14020357858066365,,,none,4,cuda,,,xgboost_defaults,,0,,,,50,1000,,,base_gfp,temporal.xgb.base_gfp.s4,edf06ea,elliptic_pp,f4f4abaf6fc145e9be6af7e8eeb27e45,abhinawap,/home/abhinawap/StudySes/mulegraph/.venv/bin/mulegraph,xgb,temporal,LOCAL,a22c7accccccd0ed,f576c23d95a59084,2023.1,child
9116e9dee5914a099f78379f763aaac8,2,FINISHED,/home/abhinawap/StudySes/mulegraph/mlruns/2/9116e9dee5914a099f78379f763aaac8/artifacts,2026-09-19 06:31:39.754000+00:00,2026-09-19 06:31:39.861000+00:00,182.0,828.0,0.9586351655543043,0.718299164768413,0.9708261489868164,3.8215762919990084,0.9975903614457832,0.8748915057179286,13123.0,0.9382716049382716,0.7148052327148748,0.967280163599182,0.571256038647343,0.03508771929824561,0.1588785046728972,0.14020357858066365,,,none,3,cuda,,,xgboost_defaults,,0,,,,50,1000,,,base_gfp,temporal.xgb.base_gfp.s3,edf06ea,elliptic_pp,f4f4abaf6fc145e9be6af7e8eeb27e45,abhinawap,/home/abhinawap/StudySes/mulegraph/.venv/bin/mulegraph,xgb,temporal,LOCAL,a22c7accccccd0ed,f576c23d95a59084,2023.1,child
919a8ebde2a5425a86ed3b0b3c0af220,2,FINISHED,/home/abhinawap/StudySes/mulegraph/mlruns/2/919a8ebde2a5425a86ed3b0b3c0af220/artifacts,2026-09-19 06:31:22.271000+00:00,2026-09-19 06:31:22.472000+00:00,182.0,828.0,0.9586351655543043,0.718299164768413,0.9708261489868164,3.565710573000615,0.9975903614457832,0.8748915057179286,13123.0,0.9382716049382716,0.7148052327148748,0.967280163599182,0.571256038647343,0.03508771929824561,0.1588785046728972,0.14020357858066365,,,none,2,cuda,,,xgboost_defaults,,0,,,,50,1000,,,base_gfp,temporal.xgb.base_gfp.s2,edf06ea,elliptic_pp,f4f4abaf6fc145e9be6af7e8eeb27e45,abhinawap,/home/abhinawap/StudySes/mulegraph/.venv/bin/mulegraph,xgb,temporal,LOCAL,a22c7accccccd0ed,f576c23d95a59084,2023.1,child
04a1b9eb4b4d48eaaff27480e2016b1b,2,FINISHED,/home/abhinawap/StudySes/mulegraph/mlruns/2/04a1b9eb4b4d48eaaff27480e2016b1b/artifacts,2026-09-19 06:31:07.714000+00:00,2026-09-19 06:31:07.881000+00:00,182.0,828.0,0.9586351655543043,0.718299164768413,0.9708261489868164,3.058360544999232,0.9975903614457832,0.8748915057179286,13123.0,0.9382716049382716,0.7148052327148748,0.967280163599182,0.571256038647343,0.03508771929824561,0.1588785046728972,0.14020357858066365,,,none,1,cuda,,,xgboost_defaults,,0,,,,50,1000,,,base_gfp,temporal.xgb.base_gfp.s1,edf06ea,elliptic_pp,f4f4abaf6fc145e9be6af7e8eeb27e45,abhinawap,/home/abhinawap/StudySes/mulegraph/.venv/bin/mulegraph,xgb,temporal,LOCAL,a22c7accccccd0ed,f576c23d95a59084,2023.1,child
eca8cd3560ac453292ad04de82028897,2,FINISHED,/home/abhinawap/StudySes/mulegraph/mlruns/2/eca8cd3560ac453292ad04de82028897/artifacts,2026-09-19 06:30:51.098000+00:00,2026-09-19 06:30:51.235000+00:00,182.0,828.0,0.9586351655543043,0.718299164768413,0.9708261489868164,1.4346122360002482,0.9975903614457832,0.8748915057179286,13123.0,0.9382716049382716,0.7148052327148748,0.967280163599182,0.571256038647343,0.03508771929824561,0.1588785046728972,0.14020357858066365,,,none,0,cuda,,,xgboost_defaults,,0,,,,50,1000,,,base_gfp,temporal.xgb.base_gfp.s0,edf06ea,elliptic_pp,f4f4abaf6fc145e9be6af7e8eeb27e45,abhinawap,/home/abhinawap/StudySes/mulegraph/.venv/bin/mulegraph,xgb,temporal,LOCAL,a22c7accccccd0ed,f576c23d95a59084,2023.1,child
f4f4abaf6fc145e9be6af7e8eeb27e45,2,FINISHED,/home/abhinawap/StudySes/mulegraph/mlruns/2/f4f4abaf6fc145e9be6af7e8eeb27e45/artifacts,2026-09-19 06:30:49.400000+00:00,2026-09-19 06:34:08.988000+00:00,,,,,,,,,,,,,,,,,,,,,,,,,,,,,,,,2023.1,"[0, 1, 2, 3, 4]",,elliptic_drift.edf06ea,edf06ea,elliptic_pp,,abhinawap,/home/abhinawap/StudySes/mulegraph/.venv/bin/mulegraph,,,LOCAL,,,,parent
1cafa6d36e8c4736a296887d6b0d7417,2,FINISHED,/home/abhinawap/StudySes/mulegraph/mlruns/2/1cafa6d36e8c4736a296887d6b0d7417/artifacts,2026-09-19 05:37:40.633000+00:00,2026-09-19 05:37:40.803000+00:00,46.0,828.0,0.8472676021943842,0.5775116433799069,0.8741142749786377,15.337336395999955,0.6865671641791045,0.8743486413902984,13123.0,0.8267716535433072,0.5810294272805885,0.642962962962963,0.5241545893719807,0.03225806451612903,0.18284611141753998,0.11649216994519018,20,200,neighbor,4,cuda,0.0,2,sage_default_2x64,True,0,64,0.2,0.001,,,,,base_gfp,temporal.sage.base_gfp.s4,8c28027,elliptic_pp,9c54ad051d914d5c83b989d1e2ac6cb7,abhinawap,/home/abhinawap/StudySes/mulegraph/.venv/bin/mulegraph,sage,temporal,LOCAL,a22c7accccccd0ed,f576c23d95a59084,2023.1,child
d77dc33400094a3197ba3a6c745fe5e6,2,FINISHED,/home/abhinawap/StudySes/mulegraph/mlruns/2/d77dc33400094a3197ba3a6c745fe5e6/artifacts,2026-09-19 05:37:14.005000+00:00,2026-09-19 05:37:14.180000+00:00,26.0,828.0,0.8458418759990571,0.5579655946148093,0.9510002732276917,10.91791165199993,0.6197604790419161,0.868034117006835,13123.0,0.8166666666666667,0.5781919572410289,0.7328094302554028,0.4504830917874396,0.03125,0.17507261684710854,0.09830191888987082,20,200,neighbor,3,cuda,0.0,2,sage_default_2x64,True,0,64,0.2,0.001,,,,,base_gfp,temporal.sage.base_gfp.s3,8c28027,elliptic_pp,9c54ad051d914d5c83b989d1e2ac6cb7,abhinawap,/home/abhinawap/StudySes/mulegraph/.venv/bin/mulegraph,sage,temporal,LOCAL,a22c7accccccd0ed,f576c23d95a59084,2023.1,child
9cdbaabface04d3498879eb3e50bd29e,2,FINISHED,/home/abhinawap/StudySes/mulegraph/mlruns/2/9cdbaabface04d3498879eb3e50bd29e/artifacts,2026-09-19 05:36:52.035000+00:00,2026-09-19 05:36:52.184000+00:00,22.0,828.0,0.8634586196613289,0.5762473647224174,0.9189837574958801,10.315941892999945,0.6865671641791045,0.8894732551035042,13123.0,0.8308977035490606,0.5970110276501974,0.6890756302521008,0.49516908212560384,0.03125,0.2032495401594114,0.15283216186853035,20,200,neighbor,2,cuda,0.0,2,sage_default_2x64,True,0,64,0.2,0.001,,,,,base_gfp,temporal.sage.base_gfp.s2,8c28027,elliptic_pp,9c54ad051d914d5c83b989d1e2ac6cb7,abhinawap,/home/abhinawap/StudySes/mulegraph/.venv/bin/mulegraph,sage,temporal,LOCAL,a22c7accccccd0ed,f576c23d95a59084,2023.1,child
21797728cd464e8b9bafcc7498aff164,2,FINISHED,/home/abhinawap/StudySes/mulegraph/mlruns/2/21797728cd464e8b9bafcc7498aff164/artifacts,2026-09-19 05:36:30.197000+00:00,2026-09-19 05:36:30.362000+00:00,9.0,828.0,0.8242575796974725,0.5506807866868382,0.9140009880065918,7.402641904999655,0.6438569206842923,0.8757832314695302,13123.0,0.7933194154488518,0.5803262038504857,0.7368421052631579,0.4396135265700483,0.03333333333333333,0.18006518196632265,0.116263497240325,20,200,neighbor,1,cuda,0.0,2,sage_default_2x64,True,0,64,0.2,0.001,,,,,base_gfp,temporal.sage.base_gfp.s1,8c28027,elliptic_pp,9c54ad051d914d5c83b989d1e2ac6cb7,abhinawap,/home/abhinawap/StudySes/mulegraph/.venv/bin/mulegraph,sage,temporal,LOCAL,a22c7accccccd0ed,f576c23d95a59084,2023.1,child
3d5a25669d664ae79f79f7828546bb76,2,FINISHED,/home/abhinawap/StudySes/mulegraph/mlruns/2/3d5a25669d664ae79f79f7828546bb76/artifacts,2026-09-19 05:36:08.723000+00:00,2026-09-19 05:36:08.888000+00:00,54.0,828.0,0.851724789165408,0.5375761679079215,0.9477633833885193,20.449945427000785,0.5742024965325936,0.8818693726879274,13123.0,0.8123711340206187,0.5061514673080204,0.6117103235747303,0.47946859903381644,0.03225806451612903,0.19720404521118381,0.1556723558488684,20,200,neighbor,0,cuda,0.0,2,sage_default_2x64,True,0,64,0.2,0.001,,,,,base_gfp,temporal.sage.base_gfp.s0,8c28027,elliptic_pp,9c54ad051d914d5c83b989d1e2ac6cb7,abhinawap,/home/abhinawap/StudySes/mulegraph/.venv/bin/mulegraph,sage,temporal,LOCAL,a22c7accccccd0ed,f576c23d95a59084,2023.1,child
43ddec5cdfd8460ab3854d5115ef5065,2,FINISHED,/home/abhinawap/StudySes/mulegraph/mlruns/2/43ddec5cdfd8460ab3854d5115ef5065/artifacts,2026-09-19 05:35:38.177000+00:00,2026-09-19 05:35:38.289000+00:00,182.0,828.0,0.9586351655543043,0.718299164768413,0.9708261489868164,2.6562395720002314,0.9975903614457832,0.8748915057179286,13123.0,0.9382716049382716,0.7148052327148748,0.967280163599182,0.571256038647343,0.03508771929824561,0.1588785046728972,0.14020357858066365,,,none,4,cuda,,,xgboost_defaults,,0,,,,50,1000,,,base_gfp,temporal.xgb.base_gfp.s4,8c28027,elliptic_pp,9c54ad051d914d5c83b989d1e2ac6cb7,abhinawap,/home/abhinawap/StudySes/mulegraph/.venv/bin/mulegraph,xgb,temporal,LOCAL,a22c7accccccd0ed,f576c23d95a59084,2023.1,child
f3fcec131f8e49819fa4b3c5fa945f1d,2,FINISHED,/home/abhinawap/StudySes/mulegraph/mlruns/2/f3fcec131f8e49819fa4b3c5fa945f1d/artifacts,2026-09-19 05:35:22.304000+00:00,2026-09-19 05:35:22.458000+00:00,182.0,828.0,0.9586351655543043,0.718299164768413,0.9708261489868164,2.5717081869997855,0.9975903614457832,0.8748915057179286,13123.0,0.9382716049382716,0.7148052327148748,0.967280163599182,0.571256038647343,0.03508771929824561,0.1588785046728972,0.14020357858066365,,,none,3,cuda,,,xgboost_defaults,,0,,,,50,1000,,,base_gfp,temporal.xgb.base_gfp.s3,8c28027,elliptic_pp,9c54ad051d914d5c83b989d1e2ac6cb7,abhinawap,/home/abhinawap/StudySes/mulegraph/.venv/bin/mulegraph,xgb,temporal,LOCAL,a22c7accccccd0ed,f576c23d95a59084,2023.1,child
9e39a8e0ba8945778928870e76184db0,2,FINISHED,/home/abhinawap/StudySes/mulegraph/mlruns/2/9e39a8e0ba8945778928870e76184db0/artifacts,2026-09-19 05:35:08.954000+00:00,2026-09-19 05:35:09.113000+00:00,182.0,828.0,0.9586351655543043,0.718299164768413,0.9708261489868164,1.2509094729994104,0.9975903614457832,0.8748915057179286,13123.0,0.9382716049382716,0.7148052327148748,0.967280163599182,0.571256038647343,0.03508771929824561,0.1588785046728972,0.14020357858066365,,,none,2,cuda,,,xgboost_defaults,,0,,,,50,1000,,,base_gfp,temporal.xgb.base_gfp.s2,8c28027,elliptic_pp,9c54ad051d914d5c83b989d1e2ac6cb7,abhinawap,/home/abhinawap/StudySes/mulegraph/.venv/bin/mulegraph,xgb,temporal,LOCAL,a22c7accccccd0ed,f576c23d95a59084,2023.1,child
cb3cabc129364159af749dee6436aff6,2,FINISHED,/home/abhinawap/StudySes/mulegraph/mlruns/2/cb3cabc129364159af749dee6436aff6/artifacts,2026-09-19 05:34:53.882000+00:00,2026-09-19 05:34:54.064000+00:00,182.0,828.0,0.9586351655543043,0.718299164768413,0.9708261489868164,1.491163239999878,0.9975903614457832,0.8748915057179286,13123.0,0.9382716049382716,0.7148052327148748,0.967280163599182,0.571256038647343,0.03508771929824561,0.1588785046728972,0.14020357858066365,,,none,1,cuda,,,xgboost_defaults,,0,,,,50,1000,,,base_gfp,temporal.xgb.base_gfp.s1,8c28027,elliptic_pp,9c54ad051d914d5c83b989d1e2ac6cb7,abhinawap,/home/abhinawap/StudySes/mulegraph/.venv/bin/mulegraph,xgb,temporal,LOCAL,a22c7accccccd0ed,f576c23d95a59084,2023.1,child
9c54ad051d914d5c83b989d1e2ac6cb7,2,FINISHED,/home/abhinawap/StudySes/mulegraph/mlruns/2/9c54ad051d914d5c83b989d1e2ac6cb7/artifacts,2026-09-19 05:34:39.619000+00:00,2026-09-19 05:37:53.725000+00:00,,,,,,,,,,,,,,,,,,,,,,,,,,,,,,,,2023.1,"[0, 1, 2, 3, 4]",,elliptic_drift.8c28027,8c28027,elliptic_pp,,abhinawap,/home/abhinawap/StudySes/mulegraph/.venv/bin/mulegraph,,,LOCAL,,,,parent
39556c2ccf824121873f125abb32a19a,2,FINISHED,/home/abhinawap/StudySes/mulegraph/mlruns/2/39556c2ccf824121873f125abb32a19a/artifacts,2026-09-19 05:34:38.862000+00:00,2026-09-19 05:34:39.004000+00:00,182.0,828.0,0.9586351655543043,0.718299164768413,0.9708261489868164,1.3869817510003486,0.9975903614457832,0.8748915057179286,13123.0,0.9382716049382716,0.7148052327148748,0.967280163599182,0.571256038647343,0.03508771929824561,0.1588785046728972,0.14020357858066365,,,none,0,cuda,,,xgboost_defaults,,0,,,,50,1000,,,base_gfp,temporal.xgb.base_gfp.s0,8c28027,elliptic_pp,9c54ad051d914d5c83b989d1e2ac6cb7,abhinawap,/home/abhinawap/StudySes/mulegraph/.venv/bin/mulegraph,xgb,temporal,LOCAL,a22c7accccccd0ed,f576c23d95a59084,2023.1,child
e61110da69ae474b9a1cbe6615bb6f1f,2,FINISHED,/home/abhinawap/StudySes/mulegraph/mlruns/2/e61110da69ae474b9a1cbe6615bb6f1f/artifacts,2026-09-19 04:31:56.841000+00:00,2026-09-19 04:31:56.996000+00:00,44.0,828.0,0.8526240214750086,0.5826666666666667,0.914181113243103,15.409956025000156,0.7472924187725631,0.8755420784930836,13123.0,0.8366533864541833,0.6030617632665203,0.6502976190476191,0.5277777777777778,0.031746031746031744,0.18360564940459706,0.12559671297179537,20,200,neighbor,4,cuda,0.0,2,sage_default_2x64,True,0,64,0.2,0.001,,,,,base_gfp,temporal.sage.base_gfp.s4,625947c,elliptic_pp,1b6e1af09b3542de82e855a3ef8ed8f2,abhinawap,/home/abhinawap/StudySes/mulegraph/.venv/bin/mulegraph,sage,temporal,LOCAL,a22c7accccccd0ed,f576c23d95a59084,2023.1,child
bb670c1850a64f9f936676f3c83be67b,2,FINISHED,/home/abhinawap/StudySes/mulegraph/mlruns/2/bb670c1850a64f9f936676f3c83be67b/artifacts,2026-09-19 04:31:30.414000+00:00,2026-09-19 04:31:30.580000+00:00,26.0,828.0,0.8479393981008505,0.5526717557251909,0.9504876732826233,11.486188356999719,0.6179104477611941,0.8697126595980849,13123.0,0.8262711864406779,0.5781474012619127,0.7510373443983402,0.43719806763285024,0.03125,0.17661161427810335,0.10312023402902397,20,200,neighbor,3,cuda,0.0,2,sage_default_2x64,True,0,64,0.2,0.001,,,,,base_gfp,temporal.sage.base_gfp.s3,625947c,elliptic_pp,1b6e1af09b3542de82e855a3ef8ed8f2,abhinawap,/home/abhinawap/StudySes/mulegraph/.venv/bin/mulegraph,sage,temporal,LOCAL,a22c7accccccd0ed,f576c23d95a59084,2023.1,child
01053529a5af4c6b942aa7ab3ad24e11,2,FINISHED,/home/abhinawap/StudySes/mulegraph/mlruns/2/01053529a5af4c6b942aa7ab3ad24e11/artifacts,2026-09-19 04:31:07.878000+00:00,2026-09-19 04:31:08.072000+00:00,22.0,828.0,0.861341552610869,0.5812200137080192,0.9089980125427246,11.269615888999851,0.684297520661157,0.8878569899000613,13123.0,0.8329896907216494,0.5936636319993543,0.6719492868462758,0.5120772946859904,0.06153846153846154,0.19814704124327556,0.1482767159207925,20,200,neighbor,2,cuda,0.0,2,sage_default_2x64,True,0,64,0.2,0.001,,,,,base_gfp,temporal.sage.base_gfp.s2,625947c,elliptic_pp,1b6e1af09b3542de82e855a3ef8ed8f2,abhinawap,/home/abhinawap/StudySes/mulegraph/.venv/bin/mulegraph,sage,temporal,LOCAL,a22c7accccccd0ed,f576c23d95a59084,2023.1,child
68b8500864ae421dada70339ce84b818,2,FINISHED,/home/abhinawap/StudySes/mulegraph/mlruns/2/68b8500864ae421dada70339ce84b818/artifacts,2026-09-19 04:30:42.769000+00:00,2026-09-19 04:30:42.920000+00:00,9.0,828.0,0.8243597626461279,0.5477996965098634,0.9153380393981934,7.007382510000298,0.6499215070643642,0.8754852037177832,13123.0,0.7966457023060797,0.5797808423408624,0.736734693877551,0.4359903381642512,0.03333333333333333,0.17813003761418592,0.11637383673385251,20,200,neighbor,1,cuda,0.0,2,sage_default_2x64,True,0,64,0.2,0.001,,,,,base_gfp,temporal.sage.base_gfp.s1,625947c,elliptic_pp,1b6e1af09b3542de82e855a3ef8ed8f2,abhinawap,/home/abhinawap/StudySes/mulegraph/.venv/bin/mulegraph,sage,temporal,LOCAL,a22c7accccccd0ed,f576c23d95a59084,2023.1,child
b0450a3a8aa244fc9857f60fd3aa1aa2,2,FINISHED,/home/abhinawap/StudySes/mulegraph/mlruns/2/b0450a3a8aa244fc9857f60fd3aa1aa2/artifacts,2026-09-19 04:30:24.342000+00:00,2026-09-19 04:30:24.501000+00:00,60.0,828.0,0.8408124414663088,0.5574210879785091,0.9508565664291382,20.076237178000156,0.6282245827010622,0.8858622471331773,13123.0,0.8056112224448898,0.53413914307643,0.6278366111951589,0.501207729468599,0.06451612903225806,0.20054446460980035,0.1677382871247645,20,200,neighbor,0,cuda,0.0,2,sage_default_2x64,True,0,64,0.2,0.001,,,,,base_gfp,temporal.sage.base_gfp.s0,625947c,elliptic_pp,1b6e1af09b3542de82e855a3ef8ed8f2,abhinawap,/home/abhinawap/StudySes/mulegraph/.venv/bin/mulegraph,sage,temporal,LOCAL,a22c7accccccd0ed,f576c23d95a59084,2023.1,child
0e9370895fca4ae58d096c440964881c,2,FINISHED,/home/abhinawap/StudySes/mulegraph/mlruns/2/0e9370895fca4ae58d096c440964881c/artifacts,2026-09-19 04:29:52.273000+00:00,2026-09-19 04:29:52.430000+00:00,182.0,828.0,0.9586351655543043,0.718299164768413,0.9708261489868164,3.5966047850001814,0.9975903614457832,0.8748915057179286,13123.0,0.9382716049382716,0.7148052327148748,0.967280163599182,0.571256038647343,0.03508771929824561,0.1588785046728972,0.14020357858066365,,,none,4,cuda,,,xgboost_defaults,,0,,,,50,1000,,,base_gfp,temporal.xgb.base_gfp.s4,625947c,elliptic_pp,1b6e1af09b3542de82e855a3ef8ed8f2,abhinawap,/home/abhinawap/StudySes/mulegraph/.venv/bin/mulegraph,xgb,temporal,LOCAL,a22c7accccccd0ed,f576c23d95a59084,2023.1,child
08a3a44c0c114ec4a24649ef18f6f8d5,2,FINISHED,/home/abhinawap/StudySes/mulegraph/mlruns/2/08a3a44c0c114ec4a24649ef18f6f8d5/artifacts,2026-09-19 04:29:38.001000+00:00,2026-09-19 04:29:38.148000+00:00,182.0,828.0,0.9586351655543043,0.718299164768413,0.9708261489868164,3.380644545999985,0.9975903614457832,0.8748915057179286,13123.0,0.9382716049382716,0.7148052327148748,0.967280163599182,0.571256038647343,0.03508771929824561,0.1588785046728972,0.14020357858066365,,,none,3,cuda,,,xgboost_defaults,,0,,,,50,1000,,,base_gfp,temporal.xgb.base_gfp.s3,625947c,elliptic_pp,1b6e1af09b3542de82e855a3ef8ed8f2,abhinawap,/home/abhinawap/StudySes/mulegraph/.venv/bin/mulegraph,xgb,temporal,LOCAL,a22c7accccccd0ed,f576c23d95a59084,2023.1,child
995aceb8f6214f82ae48bddc9e921b31,2,FINISHED,/home/abhinawap/StudySes/mulegraph/mlruns/2/995aceb8f6214f82ae48bddc9e921b31/artifacts,2026-09-19 04:29:21.550000+00:00,2026-09-19 04:29:21.659000+00:00,182.0,828.0,0.9586351655543043,0.718299164768413,0.9708261489868164,4.324645161999797,0.9975903614457832,0.8748915057179286,13123.0,0.9382716049382716,0.7148052327148748,0.967280163599182,0.571256038647343,0.03508771929824561,0.1588785046728972,0.14020357858066365,,,none,2,cuda,,,xgboost_defaults,,0,,,,50,1000,,,base_gfp,temporal.xgb.base_gfp.s2,625947c,elliptic_pp,1b6e1af09b3542de82e855a3ef8ed8f2,abhinawap,/home/abhinawap/StudySes/mulegraph/.venv/bin/mulegraph,xgb,temporal,LOCAL,a22c7accccccd0ed,f576c23d95a59084,2023.1,child
f469f05f13fd4deab125e2c0425e3cc5,2,FINISHED,/home/abhinawap/StudySes/mulegraph/mlruns/2/f469f05f13fd4deab125e2c0425e3cc5/artifacts,2026-09-19 04:29:06.534000+00:00,2026-09-19 04:29:06.686000+00:00,182.0,828.0,0.9586351655543043,0.718299164768413,0.9708261489868164,3.2098867070003507,0.9975903614457832,0.8748915057179286,13123.0,0.9382716049382716,0.7148052327148748,0.967280163599182,0.571256038647343,0.03508771929824561,0.1588785046728972,0.14020357858066365,,,none,1,cuda,,,xgboost_defaults,,0,,,,50,1000,,,base_gfp,temporal.xgb.base_gfp.s1,625947c,elliptic_pp,1b6e1af09b3542de82e855a3ef8ed8f2,abhinawap,/home/abhinawap/StudySes/mulegraph/.venv/bin/mulegraph,xgb,temporal,LOCAL,a22c7accccccd0ed,f576c23d95a59084,2023.1,child
ca8e8508e91c498a8002617ccc52bfd7,2,FINISHED,/home/abhinawap/StudySes/mulegraph/mlruns/2/ca8e8508e91c498a8002617ccc52bfd7/artifacts,2026-09-19 04:28:50.255000+00:00,2026-09-19 04:28:50.416000+00:00,182.0,828.0,0.9586351655543043,0.718299164768413,0.9708261489868164,1.46938346800016,0.9975903614457832,0.8748915057179286,13123.0,0.9382716049382716,0.7148052327148748,0.967280163599182,0.571256038647343,0.03508771929824561,0.1588785046728972,0.14020357858066365,,,none,0,cuda,,,xgboost_defaults,,0,,,,50,1000,,,base_gfp,temporal.xgb.base_gfp.s0,625947c,elliptic_pp,1b6e1af09b3542de82e855a3ef8ed8f2,abhinawap,/home/abhinawap/StudySes/mulegraph/.venv/bin/mulegraph,xgb,temporal,LOCAL,a22c7accccccd0ed,f576c23d95a59084,2023.1,child
1b6e1af09b3542de82e855a3ef8ed8f2,2,FINISHED,/home/abhinawap/StudySes/mulegraph/mlruns/2/1b6e1af09b3542de82e855a3ef8ed8f2/artifacts,2026-09-19 04:28:48.521000+00:00,2026-09-19 04:32:09.725000+00:00,,,,,,,,,,,,,,,,,,,,,,,,,,,,,,,,2023.1,"[0, 1, 2, 3, 4]",,elliptic_drift.625947c,625947c,elliptic_pp,,abhinawap,/home/abhinawap/StudySes/mulegraph/.venv/bin/mulegraph,,,LOCAL,,,,parent
e0b3b426b3e749f486ee9d2bfb05cda9,2,FINISHED,/home/abhinawap/StudySes/mulegraph/mlruns/2/e0b3b426b3e749f486ee9d2bfb05cda9/artifacts,2026-09-19 04:23:16.265000+00:00,2026-09-19 04:23:16.381000+00:00,58.0,828.0,0.8547229160691834,0.5716262975778547,0.931374192237854,20.364535213999716,0.6699029126213593,0.8731228868417898,13123.0,0.8336755646817249,0.5801383992448088,0.6693679092382496,0.49879227053140096,0.0,0.1793831168831169,0.11886185936181962,20,200,neighbor,4,cuda,0.0,2,sage_default_2x64,True,0,64,0.2,0.001,,,,,base_gfp,temporal.sage.base_gfp.s4,e9c0dda-dirty,elliptic_pp,d0146aad569d4de88e1d43059a6f8571,abhinawap,/home/abhinawap/StudySes/mulegraph/.venv/bin/mulegraph,sage,temporal,LOCAL,a22c7accccccd0ed,f576c23d95a59084,2023.1,child
29231cea551d4ad887d01f10e5ca65f7,2,FINISHED,/home/abhinawap/StudySes/mulegraph/mlruns/2/29231cea551d4ad887d01f10e5ca65f7/artifacts,2026-09-19 04:22:44.231000+00:00,2026-09-19 04:22:44.382000+00:00,25.0,828.0,0.8485608297811218,0.5409197194076384,0.9501011967658997,10.454502229999889,0.6061493411420205,0.866016879726058,13123.0,0.8232758620689654,0.5786758766171967,0.7626373626373626,0.4190821256038647,0.031746031746031744,0.17131782945736435,0.0940277016381274,20,200,neighbor,3,cuda,0.0,2,sage_default_2x64,True,0,64,0.2,0.001,,,,,base_gfp,temporal.sage.base_gfp.s3,e9c0dda-dirty,elliptic_pp,d0146aad569d4de88e1d43059a6f8571,abhinawap,/home/abhinawap/StudySes/mulegraph/.venv/bin/mulegraph,sage,temporal,LOCAL,a22c7accccccd0ed,f576c23d95a59084,2023.1,child
9685afca34ee48f295becf924727f810,2,FINISHED,/home/abhinawap/StudySes/mulegraph/mlruns/2/9685afca34ee48f295becf924727f810/artifacts,2026-09-19 04:22:22.301000+00:00,2026-09-19 04:22:22.453000+00:00,22.0,828.0,0.8628563763182268,0.5814116002795248,0.917007327079773,9.419012440999722,0.6911519198664441,0.8895366130138131,13123.0,0.8308977035490606,0.5976239413058151,0.6898839137645107,0.5024154589371981,0.0625,0.20532672654072467,0.15387742368254342,20,200,neighbor,2,cuda,0.0,2,sage_default_2x64,True,0,64,0.2,0.001,,,,,base_gfp,temporal.sage.base_gfp.s2,e9c0dda-dirty,elliptic_pp,d0146aad569d4de88e1d43059a6f8571,abhinawap,/home/abhinawap/StudySes/mulegraph/.venv/bin/mulegraph,sage,temporal,LOCAL,a22c7accccccd0ed,f576c23d95a59084,2023.1,child
343d3876183646f9b24689788f15441a,2,FINISHED,/home/abhinawap/StudySes/mulegraph/mlruns/2/343d3876183646f9b24689788f15441a/artifacts,2026-09-19 04:22:01.457000+00:00,2026-09-19 04:22:01.606000+00:00,9.0,828.0,0.8243597626461279,0.5477996965098634,0.9153380990028381,5.916005962000327,0.6499215070643642,0.87548540017642,13123.0,0.7966457023060797,0.5797810343024683,0.736734693877551,0.4359903381642512,0.03333333333333333,0.17813003761418592,0.11637383673385251,20,200,neighbor,1,cuda,0.0,2,sage_default_2x64,True,0,64,0.2,0.001,,,,,base_gfp,temporal.sage.base_gfp.s1,e9c0dda-dirty,elliptic_pp,d0146aad569d4de88e1d43059a6f8571,abhinawap,/home/abhinawap/StudySes/mulegraph/.venv/bin/mulegraph,sage,temporal,LOCAL,a22c7accccccd0ed,f576c23d95a59084,2023.1,child
688169d1b12748f6a4916ee4194b08d4,2,FINISHED,/home/abhinawap/StudySes/mulegraph/mlruns/2/688169d1b12748f6a4916ee4194b08d4/artifacts,2026-09-19 04:21:44.336000+00:00,2026-09-19 04:21:44.486000+00:00,37.0,828.0,0.843291715922807,0.5435073627844712,0.8654932379722595,13.899570615999892,0.5694635488308115,0.8763634720527766,13123.0,0.8024193548387095,0.5272912114560286,0.6096096096096096,0.49033816425120774,0.03076923076923077,0.18401332223147376,0.135526481997069,20,200,neighbor,0,cuda,0.0,2,sage_default_2x64,True,0,64,0.2,0.001,,,,,base_gfp,temporal.sage.base_gfp.s0,e9c0dda-dirty,elliptic_pp,d0146aad569d4de88e1d43059a6f8571,abhinawap,/home/abhinawap/StudySes/mulegraph/.venv/bin/mulegraph,sage,temporal,LOCAL,a22c7accccccd0ed,f576c23d95a59084,2023.1,child
80212447f36e469b8464ba65b809dfe7,2,FINISHED,/home/abhinawap/StudySes/mulegraph/mlruns/2/80212447f36e469b8464ba65b809dfe7/artifacts,2026-09-19 04:21:15.271000+00:00,2026-09-19 04:21:15.462000+00:00,182.0,828.0,0.9586351655543043,0.718299164768413,0.9708261489868164,4.89141024699984,0.9975903614457832,0.8748915057179286,13123.0,0.9382716049382716,0.7148052327148748,0.967280163599182,0.571256038647343,0.03508771929824561,0.1588785046728972,0.14020357858066365,,,none,4,cuda,,,xgboost_defaults,,0,,,,50,1000,,,base_gfp,temporal.xgb.base_gfp.s4,e9c0dda-dirty,elliptic_pp,d0146aad569d4de88e1d43059a6f8571,abhinawap,/home/abhinawap/StudySes/mulegraph/.venv/bin/mulegraph,xgb,temporal,LOCAL,a22c7accccccd0ed,f576c23d95a59084,2023.1,child
3b658b17ab5b4e358a458bd767d619ef,2,FINISHED,/home/abhinawap/StudySes/mulegraph/mlruns/2/3b658b17ab5b4e358a458bd767d619ef/artifacts,2026-09-19 04:20:59.632000+00:00,2026-09-19 04:20:59.805000+00:00,182.0,828.0,0.9586351655543043,0.718299164768413,0.9708261489868164,4.164981000000353,0.9975903614457832,0.8748915057179286,13123.0,0.9382716049382716,0.7148052327148748,0.967280163599182,0.571256038647343,0.03508771929824561,0.1588785046728972,0.14020357858066365,,,none,3,cuda,,,xgboost_defaults,,0,,,,50,1000,,,base_gfp,temporal.xgb.base_gfp.s3,e9c0dda-dirty,elliptic_pp,d0146aad569d4de88e1d43059a6f8571,abhinawap,/home/abhinawap/StudySes/mulegraph/.venv/bin/mulegraph,xgb,temporal,LOCAL,a22c7accccccd0ed,f576c23d95a59084,2023.1,child
453c2e4838cb4c4196a2c14cdcd4d8f4,2,FINISHED,/home/abhinawap/StudySes/mulegraph/mlruns/2/453c2e4838cb4c4196a2c14cdcd4d8f4/artifacts,2026-09-19 04:20:44.902000+00:00,2026-09-19 04:20:45.069000+00:00,182.0,828.0,0.9586351655543043,0.718299164768413,0.9708261489868164,10.772931060000246,0.9975903614457832,0.8748915057179286,13123.0,0.9382716049382716,0.7148052327148748,0.967280163599182,0.571256038647343,0.03508771929824561,0.1588785046728972,0.14020357858066365,,,none,2,cuda,,,xgboost_defaults,,0,,,,50,1000,,,base_gfp,temporal.xgb.base_gfp.s2,e9c0dda-dirty,elliptic_pp,d0146aad569d4de88e1d43059a6f8571,abhinawap,/home/abhinawap/StudySes/mulegraph/.venv/bin/mulegraph,xgb,temporal,LOCAL,a22c7accccccd0ed,f576c23d95a59084,2023.1,child
d9f147f1c26c4489b159b205e6adb0f2,2,FINISHED,/home/abhinawap/StudySes/mulegraph/mlruns/2/d9f147f1c26c4489b159b205e6adb0f2/artifacts,2026-09-19 04:20:20.982000+00:00,2026-09-19 04:20:21.107000+00:00,182.0,828.0,0.9586351655543043,0.718299164768413,0.9708261489868164,5.751745816000039,0.9975903614457832,0.8748915057179286,13123.0,0.9382716049382716,0.7148052327148748,0.967280163599182,0.571256038647343,0.03508771929824561,0.1588785046728972,0.14020357858066365,,,none,1,cuda,,,xgboost_defaults,,0,,,,50,1000,,,base_gfp,temporal.xgb.base_gfp.s1,e9c0dda-dirty,elliptic_pp,d0146aad569d4de88e1d43059a6f8571,abhinawap,/home/abhinawap/StudySes/mulegraph/.venv/bin/mulegraph,xgb,temporal,LOCAL,a22c7accccccd0ed,f576c23d95a59084,2023.1,child
234355e60747409b8b11559d46ecdce5,2,FINISHED,/home/abhinawap/StudySes/mulegraph/mlruns/2/234355e60747409b8b11559d46ecdce5/artifacts,2026-09-19 04:20:04.723000+00:00,2026-09-19 04:20:04.858000+00:00,182.0,828.0,0.9586351655543043,0.718299164768413,0.9708261489868164,1.6645144240001173,0.9975903614457832,0.8748915057179286,13123.0,0.9382716049382716,0.7148052327148748,0.967280163599182,0.571256038647343,0.03508771929824561,0.1588785046728972,0.14020357858066365,,,none,0,cuda,,,xgboost_defaults,,0,,,,50,1000,,,base_gfp,temporal.xgb.base_gfp.s0,e9c0dda-dirty,elliptic_pp,d0146aad569d4de88e1d43059a6f8571,abhinawap,/home/abhinawap/StudySes/mulegraph/.venv/bin/mulegraph,xgb,temporal,LOCAL,a22c7accccccd0ed,f576c23d95a59084,2023.1,child
d0146aad569d4de88e1d43059a6f8571,2,FINISHED,/home/abhinawap/StudySes/mulegraph/mlruns/2/d0146aad569d4de88e1d43059a6f8571/artifacts,2026-09-19 04:20:02.758000+00:00,2026-09-19 04:23:29.387000+00:00,,,,,,,,,,,,,,,,,,,,,,,,,,,,,,,,2023.1,"[0, 1, 2, 3, 4]",,elliptic_drift.e9c0dda-dirty,e9c0dda-dirty,elliptic_pp,,abhinawap,/home/abhinawap/StudySes/mulegraph/.venv/bin/mulegraph,,,LOCAL,,,,parent
4704e3011fb240a8997ea43730417fbe,2,FINISHED,/home/abhinawap/StudySes/mulegraph/mlruns/2/4704e3011fb240a8997ea43730417fbe/artifacts,2026-09-19 04:06:45.066000+00:00,2026-09-19 04:06:45.205000+00:00,26.0,828.0,0.8421122131285458,0.5937052932761088,0.9425897002220154,9.715748430000076,0.7301587301587301,0.8798151520688077,13123.0,0.8295687885010267,0.6053172936863934,0.7280701754385965,0.501207729468599,0.03225806451612903,0.19090123812266052,0.12366412345289401,20,200,neighbor,4,cuda,0.0,2,sage_default_2x64,True,0,64,0.2,0.001,,,,,base_gfp,temporal.sage.base_gfp.s4,e9c0dda-dirty,elliptic_pp,87a65bf30df145a8a3975b242fb0b55f,abhinawap,/home/abhinawap/StudySes/mulegraph/.venv/bin/mulegraph,sage,temporal,LOCAL,a22c7accccccd0ed,f576c23d95a59084,2023.1,child
e3ff635c890748ec844020405f8b503d,2,FINISHED,/home/abhinawap/StudySes/mulegraph/mlruns/2/e3ff635c890748ec844020405f8b503d/artifacts,2026-09-19 04:06:21.625000+00:00,2026-09-19 04:06:21.775000+00:00,26.0,828.0,0.8467920274466212,0.5495356037151703,0.9557520747184753,9.391330175000121,0.6179104477611941,0.8696425238648129,13123.0,0.8205128205128205,0.5799311247611746,0.7650862068965517,0.428743961352657,0.031746031746031744,0.1747956762457158,0.10298781566466357,20,200,neighbor,3,cuda,0.0,2,sage_default_2x64,True,0,64,0.2,0.001,,,,,base_gfp,temporal.sage.base_gfp.s3,e9c0dda-dirty,elliptic_pp,87a65bf30df145a8a3975b242fb0b55f,abhinawap,/home/abhinawap/StudySes/mulegraph/.venv/bin/mulegraph,sage,temporal,LOCAL,a22c7accccccd0ed,f576c23d95a59084,2023.1,child
3ddee8bc0fb14c23a2c86acb7ba5cea7,2,FINISHED,/home/abhinawap/StudySes/mulegraph/mlruns/2/3ddee8bc0fb14c23a2c86acb7ba5cea7/artifacts,2026-09-19 04:06:02.164000+00:00,2026-09-19 04:06:02.323000+00:00,22.0,828.0,0.8634554844697453,0.5778401122019635,0.9179658889770508,11.066794840000057,0.6877076411960132,0.8894305253500402,13123.0,0.8308977035490606,0.5965878520710111,0.6889632107023411,0.4975845410628019,0.03125,0.20182648401826483,0.1531517965662481,20,200,neighbor,2,cuda,0.0,2,sage_default_2x64,True,0,64,0.2,0.001,,,,,base_gfp,temporal.sage.base_gfp.s2,e9c0dda-dirty,elliptic_pp,87a65bf30df145a8a3975b242fb0b55f,abhinawap,/home/abhinawap/StudySes/mulegraph/.venv/bin/mulegraph,sage,temporal,LOCAL,a22c7accccccd0ed,f576c23d95a59084,2023.1,child
82fb65ca0c6f49af9266fd6a2d35c632,2,FINISHED,/home/abhinawap/StudySes/mulegraph/mlruns/2/82fb65ca0c6f49af9266fd6a2d35c632/artifacts,2026-09-19 04:05:37.133000+00:00,2026-09-19 04:05:37.266000+00:00,9.0,828.0,0.8243597626461279,0.5477996965098634,0.9153380990028381,6.914764159000015,0.6499215070643642,0.8754854001764198,13123.0,0.7966457023060797,0.5797810343024683,0.736734693877551,0.4359903381642512,0.03333333333333333,0.17813003761418592,0.11637383673385251,20,200,neighbor,1,cuda,0.0,2,sage_default_2x64,True,0,64,0.2,0.001,,,,,base_gfp,temporal.sage.base_gfp.s1,e9c0dda-dirty,elliptic_pp,87a65bf30df145a8a3975b242fb0b55f,abhinawap,/home/abhinawap/StudySes/mulegraph/.venv/bin/mulegraph,sage,temporal,LOCAL,a22c7accccccd0ed,f576c23d95a59084,2023.1,child
c3b5d78c8ce0457a9a7895af54ceee1f,2,FINISHED,/home/abhinawap/StudySes/mulegraph/mlruns/2/c3b5d78c8ce0457a9a7895af54ceee1f/artifacts,2026-09-19 04:05:19.037000+00:00,2026-09-19 04:05:19.194000+00:00,54.0,828.0,0.8420336266978901,0.543728813559322,0.9374930262565613,17.973581894000063,0.6026200873362445,0.886203201097025,13123.0,0.8098159509202454,0.524604330454348,0.6197836166924265,0.48429951690821255,0.03278688524590164,0.1976154992548435,0.17700820731510183,20,200,neighbor,0,cuda,0.0,2,sage_default_2x64,True,0,64,0.2,0.001,,,,,base_gfp,temporal.sage.base_gfp.s0,e9c0dda-dirty,elliptic_pp,87a65bf30df145a8a3975b242fb0b55f,abhinawap,/home/abhinawap/StudySes/mulegraph/.venv/bin/mulegraph,sage,temporal,LOCAL,a22c7accccccd0ed,f576c23d95a59084,2023.1,child
663a2bc8e687414b9d094982afeb3032,2,FINISHED,/home/abhinawap/StudySes/mulegraph/mlruns/2/663a2bc8e687414b9d094982afeb3032/artifacts,2026-09-19 04:04:47.845000+00:00,2026-09-19 04:04:47.997000+00:00,182.0,828.0,0.9586351655543043,0.718299164768413,0.9708261489868164,7.487357682000038,0.9975903614457832,0.8748915057179286,13123.0,0.9382716049382716,0.7148052327148748,0.967280163599182,0.571256038647343,0.03508771929824561,0.1588785046728972,0.14020357858066365,,,none,4,cuda,,,xgboost_defaults,,0,,,,50,1000,,,base_gfp,temporal.xgb.base_gfp.s4,e9c0dda-dirty,elliptic_pp,87a65bf30df145a8a3975b242fb0b55f,abhinawap,/home/abhinawap/StudySes/mulegraph/.venv/bin/mulegraph,xgb,temporal,LOCAL,a22c7accccccd0ed,f576c23d95a59084,2023.1,child
2566e04f52b9414f9b044efb325d97ee,2,FINISHED,/home/abhinawap/StudySes/mulegraph/mlruns/2/2566e04f52b9414f9b044efb325d97ee/artifacts,2026-09-19 04:04:29.643000+00:00,2026-09-19 04:04:29.795000+00:00,182.0,828.0,0.9586351655543043,0.718299164768413,0.9708261489868164,3.850339843000029,0.9975903614457832,0.8748915057179286,13123.0,0.9382716049382716,0.7148052327148748,0.967280163599182,0.571256038647343,0.03508771929824561,0.1588785046728972,0.14020357858066365,,,none,3,cuda,,,xgboost_defaults,,0,,,,50,1000,,,base_gfp,temporal.xgb.base_gfp.s3,e9c0dda-dirty,elliptic_pp,87a65bf30df145a8a3975b242fb0b55f,abhinawap,/home/abhinawap/StudySes/mulegraph/.venv/bin/mulegraph,xgb,temporal,LOCAL,a22c7accccccd0ed,f576c23d95a59084,2023.1,child
4bb3e046adab48399791d746d4df8d83,2,FINISHED,/home/abhinawap/StudySes/mulegraph/mlruns/2/4bb3e046adab48399791d746d4df8d83/artifacts,2026-09-19 04:04:12.784000+00:00,2026-09-19 04:04:12.967000+00:00,182.0,828.0,0.9586351655543043,0.718299164768413,0.9708261489868164,10.919456916999934,0.9975903614457832,0.8748915057179286,13123.0,0.9382716049382716,0.7148052327148748,0.967280163599182,0.571256038647343,0.03508771929824561,0.1588785046728972,0.14020357858066365,,,none,2,cuda,,,xgboost_defaults,,0,,,,50,1000,,,base_gfp,temporal.xgb.base_gfp.s2,e9c0dda-dirty,elliptic_pp,87a65bf30df145a8a3975b242fb0b55f,abhinawap,/home/abhinawap/StudySes/mulegraph/.venv/bin/mulegraph,xgb,temporal,LOCAL,a22c7accccccd0ed,f576c23d95a59084,2023.1,child
9d650dfe76e1479097d3efaf378cede7,2,FINISHED,/home/abhinawap/StudySes/mulegraph/mlruns/2/9d650dfe76e1479097d3efaf378cede7/artifacts,2026-09-19 04:03:51.306000+00:00,2026-09-19 04:03:51.431000+00:00,182.0,828.0,0.9586351655543043,0.718299164768413,0.9708261489868164,7.101516519000143,0.9975903614457832,0.8748915057179286,13123.0,0.9382716049382716,0.7148052327148748,0.967280163599182,0.571256038647343,0.03508771929824561,0.1588785046728972,0.14020357858066365,,,none,1,cuda,,,xgboost_defaults,,0,,,,50,1000,,,base_gfp,temporal.xgb.base_gfp.s1,e9c0dda-dirty,elliptic_pp,87a65bf30df145a8a3975b242fb0b55f,abhinawap,/home/abhinawap/StudySes/mulegraph/.venv/bin/mulegraph,xgb,temporal,LOCAL,a22c7accccccd0ed,f576c23d95a59084,2023.1,child
3cf8d6a52c3d4f34803ca4b9b03d5eeb,2,FINISHED,/home/abhinawap/StudySes/mulegraph/mlruns/2/3cf8d6a52c3d4f34803ca4b9b03d5eeb/artifacts,2026-09-19 04:03:33.569000+00:00,2026-09-19 04:03:33.699000+00:00,182.0,828.0,0.9586351655543043,0.718299164768413,0.9708261489868164,1.7419180080000842,0.9975903614457832,0.8748915057179286,13123.0,0.9382716049382716,0.7148052327148748,0.967280163599182,0.571256038647343,0.03508771929824561,0.1588785046728972,0.14020357858066365,,,none,0,cuda,,,xgboost_defaults,,0,,,,50,1000,,,base_gfp,temporal.xgb.base_gfp.s0,e9c0dda-dirty,elliptic_pp,87a65bf30df145a8a3975b242fb0b55f,abhinawap,/home/abhinawap/StudySes/mulegraph/.venv/bin/mulegraph,xgb,temporal,LOCAL,a22c7accccccd0ed,f576c23d95a59084,2023.1,child
87a65bf30df145a8a3975b242fb0b55f,2,FINISHED,/home/abhinawap/StudySes/mulegraph/mlruns/2/87a65bf30df145a8a3975b242fb0b55f/artifacts,2026-09-19 04:03:31.538000+00:00,2026-09-19 04:06:55.837000+00:00,,,,,,,,,,,,,,,,,,,,,,,,,,,,,,,,2023.1,"[0, 1, 2, 3, 4]",,elliptic_drift.e9c0dda-dirty,e9c0dda-dirty,elliptic_pp,,abhinawap,/home/abhinawap/StudySes/mulegraph/.venv/bin/mulegraph,,,LOCAL,,,,parent
58dece4b87d64847a2341ff18e44fd8a,2,FINISHED,/home/abhinawap/StudySes/mulegraph/mlruns/2/58dece4b87d64847a2341ff18e44fd8a/artifacts,2026-09-17 02:03:12.091000+00:00,2026-09-17 02:03:12.260000+00:00,46.0,828.0,0.8436743922801608,0.5716180371352785,0.8724526762962341,17.302555311000106,0.6798029556650246,0.8753575547186417,13123.0,0.8194174757281553,0.5766396199514707,0.6338235294117647,0.5205314009661836,0.03125,0.18154435925520263,0.13198539941569626,20,200,neighbor,4,cuda,0.0,2,sage_default_2x64,True,0,64,0.2,0.001,,,,,base_gfp,temporal.sage.base_gfp.s4,7c22e3e,elliptic_pp,48595343fe85479aaa8dbf2f43f92ef3,abhinawap,/home/abhinawap/StudySes/mulegraph/.venv/bin/mulegraph,sage,temporal,LOCAL,a22c7accccccd0ed,f576c23d95a59084,2023.1,child
c2b24eab7e0641408e30d4b14d341246,2,FINISHED,/home/abhinawap/StudySes/mulegraph/mlruns/2/c2b24eab7e0641408e30d4b14d341246/artifacts,2026-09-17 02:02:43.007000+00:00,2026-09-17 02:02:43.175000+00:00,26.0,828.0,0.8481272610043824,0.5558019216555802,0.9393492937088013,11.740896052000153,0.6216216216216216,0.869635844271168,13123.0,0.8281573498964804,0.5831870547920828,0.7161904761904762,0.45410628019323673,0.03125,0.17096441464672513,0.10338388706132999,20,200,neighbor,3,cuda,0.0,2,sage_default_2x64,True,0,64,0.2,0.001,,,,,base_gfp,temporal.sage.base_gfp.s3,7c22e3e,elliptic_pp,48595343fe85479aaa8dbf2f43f92ef3,abhinawap,/home/abhinawap/StudySes/mulegraph/.venv/bin/mulegraph,sage,temporal,LOCAL,a22c7accccccd0ed,f576c23d95a59084,2023.1,child
9720d29e28db40f7b887ee4c9bafb03e,2,FINISHED,/home/abhinawap/StudySes/mulegraph/mlruns/2/9720d29e28db40f7b887ee4c9bafb03e/artifacts,2026-09-17 02:02:19.320000+00:00,2026-09-17 02:02:19.484000+00:00,22.0,828.0,0.8615194792101409,0.580958999305073,0.9154954552650452,11.24326515599978,0.6865671641791045,0.8881640056344338,13123.0,0.8340248962655602,0.594186815829724,0.6841243862520459,0.5048309178743962,0.06153846153846154,0.19933854479855684,0.15074153776629204,20,200,neighbor,2,cuda,0.0,2,sage_default_2x64,True,0,64,0.2,0.001,,,,,base_gfp,temporal.sage.base_gfp.s2,7c22e3e,elliptic_pp,48595343fe85479aaa8dbf2f43f92ef3,abhinawap,/home/abhinawap/StudySes/mulegraph/.venv/bin/mulegraph,sage,temporal,LOCAL,a22c7accccccd0ed,f576c23d95a59084,2023.1,child
4e8eddacd8484161a99ead8b7ab2da95,2,FINISHED,/home/abhinawap/StudySes/mulegraph/mlruns/2/4e8eddacd8484161a99ead8b7ab2da95/artifacts,2026-09-17 02:01:55.509000+00:00,2026-09-17 02:01:55.685000+00:00,9.0,828.0,0.8243597626461279,0.5477996965098634,0.9153380393981934,7.981167765000009,0.6499215070643642,0.8754853019471015,13123.0,0.7966457023060797,0.5797809789103462,0.736734693877551,0.4359903381642512,0.03333333333333333,0.17813003761418592,0.11637383673385251,20,200,neighbor,1,cuda,0.0,2,sage_default_2x64,True,0,64,0.2,0.001,,,,,base_gfp,temporal.sage.base_gfp.s1,7c22e3e,elliptic_pp,48595343fe85479aaa8dbf2f43f92ef3,abhinawap,/home/abhinawap/StudySes/mulegraph/.venv/bin/mulegraph,sage,temporal,LOCAL,a22c7accccccd0ed,f576c23d95a59084,2023.1,child
260994d5fdb84ec4bc4dbb9066f3a1d8,2,FINISHED,/home/abhinawap/StudySes/mulegraph/mlruns/2/260994d5fdb84ec4bc4dbb9066f3a1d8/artifacts,2026-09-17 02:01:33.091000+00:00,2026-09-17 02:01:33.258000+00:00,47.0,828.0,0.8437963202061589,0.5417218543046357,0.9176300764083862,21.018294158000117,0.5956834532374101,0.8795150615013761,13123.0,0.8,0.5003719799909804,0.5997067448680352,0.4939613526570048,0.0625,0.2001207364926049,0.13999616554717864,20,200,neighbor,0,cuda,0.0,2,sage_default_2x64,True,0,64,0.2,0.001,,,,,base_gfp,temporal.sage.base_gfp.s0,7c22e3e,elliptic_pp,48595343fe85479aaa8dbf2f43f92ef3,abhinawap,/home/abhinawap/StudySes/mulegraph/.venv/bin/mulegraph,sage,temporal,LOCAL,a22c7accccccd0ed,f576c23d95a59084,2023.1,child
bfbaa3345af24879988f643631d875f9,2,FINISHED,/home/abhinawap/StudySes/mulegraph/mlruns/2/bfbaa3345af24879988f643631d875f9/artifacts,2026-09-17 02:00:57.914000+00:00,2026-09-17 02:00:58.067000+00:00,182.0,828.0,0.9586351655543043,0.718299164768413,0.9708261489868164,1.536155405000045,0.9975903614457832,0.8748915057179286,13123.0,0.9382716049382716,0.7148052327148748,0.967280163599182,0.571256038647343,0.03508771929824561,0.1588785046728972,0.14020357858066365,,,none,4,cuda,,,xgboost_defaults,,0,,,,50,1000,,,base_gfp,temporal.xgb.base_gfp.s4,7c22e3e,elliptic_pp,48595343fe85479aaa8dbf2f43f92ef3,abhinawap,/home/abhinawap/StudySes/mulegraph/.venv/bin/mulegraph,xgb,temporal,LOCAL,a22c7accccccd0ed,f576c23d95a59084,2023.1,child
b1d3caf1c82841ee9835379029dc6130,2,FINISHED,/home/abhinawap/StudySes/mulegraph/mlruns/2/b1d3caf1c82841ee9835379029dc6130/artifacts,2026-09-17 02:00:44.990000+00:00,2026-09-17 02:00:45.151000+00:00,182.0,828.0,0.9586351655543043,0.718299164768413,0.9708261489868164,1.5295738619997792,0.9975903614457832,0.8748915057179286,13123.0,0.9382716049382716,0.7148052327148748,0.967280163599182,0.571256038647343,0.03508771929824561,0.1588785046728972,0.14020357858066365,,,none,3,cuda,,,xgboost_defaults,,0,,,,50,1000,,,base_gfp,temporal.xgb.base_gfp.s3,7c22e3e,elliptic_pp,48595343fe85479aaa8dbf2f43f92ef3,abhinawap,/home/abhinawap/StudySes/mulegraph/.venv/bin/mulegraph,xgb,temporal,LOCAL,a22c7accccccd0ed,f576c23d95a59084,2023.1,child
09aa931bf9ed4c2796f7a41f11b0e6d4,2,FINISHED,/home/abhinawap/StudySes/mulegraph/mlruns/2/09aa931bf9ed4c2796f7a41f11b0e6d4/artifacts,2026-09-17 02:00:29.697000+00:00,2026-09-17 02:00:29.854000+00:00,182.0,828.0,0.9586351655543043,0.718299164768413,0.9708261489868164,1.439108674000181,0.9975903614457832,0.8748915057179286,13123.0,0.9382716049382716,0.7148052327148748,0.967280163599182,0.571256038647343,0.03508771929824561,0.1588785046728972,0.14020357858066365,,,none,2,cuda,,,xgboost_defaults,,0,,,,50,1000,,,base_gfp,temporal.xgb.base_gfp.s2,7c22e3e,elliptic_pp,48595343fe85479aaa8dbf2f43f92ef3,abhinawap,/home/abhinawap/StudySes/mulegraph/.venv/bin/mulegraph,xgb,temporal,LOCAL,a22c7accccccd0ed,f576c23d95a59084,2023.1,child
1ad51f90ee184b8ba46452b64520016c,2,FINISHED,/home/abhinawap/StudySes/mulegraph/mlruns/2/1ad51f90ee184b8ba46452b64520016c/artifacts,2026-09-17 02:00:16.950000+00:00,2026-09-17 02:00:17.119000+00:00,182.0,828.0,0.9586351655543043,0.718299164768413,0.9708261489868164,1.5459761269999035,0.9975903614457832,0.8748915057179286,13123.0,0.9382716049382716,0.7148052327148748,0.967280163599182,0.571256038647343,0.03508771929824561,0.1588785046728972,0.14020357858066365,,,none,1,cuda,,,xgboost_defaults,,0,,,,50,1000,,,base_gfp,temporal.xgb.base_gfp.s1,7c22e3e,elliptic_pp,48595343fe85479aaa8dbf2f43f92ef3,abhinawap,/home/abhinawap/StudySes/mulegraph/.venv/bin/mulegraph,xgb,temporal,LOCAL,a22c7accccccd0ed,f576c23d95a59084,2023.1,child
a4f56e921f3349d9b038c978f1f74040,2,FINISHED,/home/abhinawap/StudySes/mulegraph/mlruns/2/a4f56e921f3349d9b038c978f1f74040/artifacts,2026-09-17 02:00:01.571000+00:00,2026-09-17 02:00:01.734000+00:00,182.0,828.0,0.9586351655543043,0.718299164768413,0.9708261489868164,1.5231678370000736,0.9975903614457832,0.8748915057179286,13123.0,0.9382716049382716,0.7148052327148748,0.967280163599182,0.571256038647343,0.03508771929824561,0.1588785046728972,0.14020357858066365,,,none,0,cuda,,,xgboost_defaults,,0,,,,50,1000,,,base_gfp,temporal.xgb.base_gfp.s0,7c22e3e,elliptic_pp,48595343fe85479aaa8dbf2f43f92ef3,abhinawap,/home/abhinawap/StudySes/mulegraph/.venv/bin/mulegraph,xgb,temporal,LOCAL,a22c7accccccd0ed,f576c23d95a59084,2023.1,child
48595343fe85479aaa8dbf2f43f92ef3,2,FINISHED,/home/abhinawap/StudySes/mulegraph/mlruns/2/48595343fe85479aaa8dbf2f43f92ef3/artifacts,2026-09-17 01:59:59.787000+00:00,2026-09-17 02:03:25.916000+00:00,,,,,,,,,,,,,,,,,,,,,,,,,,,,,,,,2023.1,"[0, 1, 2, 3, 4]",,elliptic_drift.7c22e3e,7c22e3e,elliptic_pp,,abhinawap,/home/abhinawap/StudySes/mulegraph/.venv/bin/mulegraph,,,LOCAL,,,,parent
1e3e88d8976e4d1297222f8a8cd08d92,2,FINISHED,/home/abhinawap/StudySes/mulegraph/mlruns/2/1e3e88d8976e4d1297222f8a8cd08d92/artifacts,2026-09-17 01:58:59.879000+00:00,2026-09-17 01:59:00.035000+00:00,44.0,828.0,0.8518429773972457,0.5737373737373738,0.9044750332832336,16.918326288000117,0.6981450252951096,0.8712606554253035,13123.0,0.8366533864541833,0.5900100258982107,0.6484018264840182,0.5144927536231884,0.031746031746031744,0.17315225907547663,0.12506007662758073,20,200,neighbor,4,cuda,0.0,2,sage_default_2x64,True,0,64,0.2,0.001,,,,,base_gfp,temporal.sage.base_gfp.s4,df98d4f,elliptic_pp,1e308197ab99407d81011a8e2e495bd8,abhinawap,/home/abhinawap/StudySes/mulegraph/.venv/bin/mulegraph,sage,temporal,LOCAL,a22c7accccccd0ed,f576c23d95a59084,2023.1,child
baccd6bde6764458af99a6c9aee09831,2,FINISHED,/home/abhinawap/StudySes/mulegraph/mlruns/2/baccd6bde6764458af99a6c9aee09831/artifacts,2026-09-17 01:58:31.050000+00:00,2026-09-17 01:58:31.221000+00:00,30.0,828.0,0.8459676337406096,0.5461200585651538,0.9324070811271667,14.34159459600005,0.6142433234421365,0.873655584434975,13123.0,0.8371134020618557,0.5733227023801177,0.6933085501858736,0.4504830917874396,0.031746031746031744,0.18159408381265407,0.12549610766752517,20,200,neighbor,3,cuda,0.0,2,sage_default_2x64,True,0,64,0.2,0.001,,,,,base_gfp,temporal.sage.base_gfp.s3,df98d4f,elliptic_pp,1e308197ab99407d81011a8e2e495bd8,abhinawap,/home/abhinawap/StudySes/mulegraph/.venv/bin/mulegraph,sage,temporal,LOCAL,a22c7accccccd0ed,f576c23d95a59084,2023.1,child
ae238764b8f84a52aee1230cd602e11b,2,FINISHED,/home/abhinawap/StudySes/mulegraph/mlruns/2/ae238764b8f84a52aee1230cd602e11b/artifacts,2026-09-17 01:58:04.523000+00:00,2026-09-17 01:58:04.689000+00:00,22.0,828.0,0.8637032423588495,0.5750350631136045,0.9171982407569885,11.423224506999759,0.6786885245901639,0.8891588230555997,13123.0,0.8308977035490606,0.5959950192752562,0.68561872909699,0.49516908212560384,0.03125,0.2041256157635468,0.15272311068146477,20,200,neighbor,2,cuda,0.0,2,sage_default_2x64,True,0,64,0.2,0.001,,,,,base_gfp,temporal.sage.base_gfp.s2,df98d4f,elliptic_pp,1e308197ab99407d81011a8e2e495bd8,abhinawap,/home/abhinawap/StudySes/mulegraph/.venv/bin/mulegraph,sage,temporal,LOCAL,a22c7accccccd0ed,f576c23d95a59084,2023.1,child
194081f058f44088bacd0259eaf7cb7a,2,FINISHED,/home/abhinawap/StudySes/mulegraph/mlruns/2/194081f058f44088bacd0259eaf7cb7a/artifacts,2026-09-17 01:57:40.353000+00:00,2026-09-17 01:57:40.476000+00:00,9.0,828.0,0.8243597626461279,0.5477996965098634,0.9153380393981934,7.6650858319999315,0.6499215070643642,0.8754852037177832,13123.0,0.7966457023060797,0.5797808423408625,0.736734693877551,0.4359903381642512,0.03333333333333333,0.17813003761418592,0.11637383673385251,20,200,neighbor,1,cuda,0.0,2,sage_default_2x64,True,0,64,0.2,0.001,,,,,base_gfp,temporal.sage.base_gfp.s1,df98d4f,elliptic_pp,1e308197ab99407d81011a8e2e495bd8,abhinawap,/home/abhinawap/StudySes/mulegraph/.venv/bin/mulegraph,sage,temporal,LOCAL,a22c7accccccd0ed,f576c23d95a59084,2023.1,child
690eb130ca0c4570a3b5722bc280c668,2,FINISHED,/home/abhinawap/StudySes/mulegraph/mlruns/2/690eb130ca0c4570a3b5722bc280c668/artifacts,2026-09-17 01:57:19.674000+00:00,2026-09-17 01:57:19.797000+00:00,45.0,828.0,0.8394872974549032,0.5497076023391813,0.8808550238609314,19.129871173000083,0.6079295154185022,0.8806694033354748,13123.0,0.8055555555555556,0.5024827642859911,0.5949367088607594,0.5108695652173914,0.031746031746031744,0.19743895175699822,0.17088041612001276,20,200,neighbor,0,cuda,0.0,2,sage_default_2x64,True,0,64,0.2,0.001,,,,,base_gfp,temporal.sage.base_gfp.s0,df98d4f,elliptic_pp,1e308197ab99407d81011a8e2e495bd8,abhinawap,/home/abhinawap/StudySes/mulegraph/.venv/bin/mulegraph,sage,temporal,LOCAL,a22c7accccccd0ed,f576c23d95a59084,2023.1,child
60e2306b6016475a87d0f019c9cb6173,2,FINISHED,/home/abhinawap/StudySes/mulegraph/mlruns/2/60e2306b6016475a87d0f019c9cb6173/artifacts,2026-09-17 01:56:47.325000+00:00,2026-09-17 01:56:47.509000+00:00,182.0,828.0,0.9586351655543043,0.718299164768413,0.9708261489868164,1.5526586070000121,0.9975903614457832,0.8748915057179286,13123.0,0.9382716049382716,0.7148052327148748,0.967280163599182,0.571256038647343,0.03508771929824561,0.1588785046728972,0.14020357858066365,,,none,4,cuda,,,xgboost_defaults,,0,,,,50,1000,,,base_gfp,temporal.xgb.base_gfp.s4,df98d4f,elliptic_pp,1e308197ab99407d81011a8e2e495bd8,abhinawap,/home/abhinawap/StudySes/mulegraph/.venv/bin/mulegraph,xgb,temporal,LOCAL,a22c7accccccd0ed,f576c23d95a59084,2023.1,child
fddd8a4775754f588890f2954f8db0c7,2,FINISHED,/home/abhinawap/StudySes/mulegraph/mlruns/2/fddd8a4775754f588890f2954f8db0c7/artifacts,2026-09-17 01:56:31.973000+00:00,2026-09-17 01:56:32.090000+00:00,182.0,828.0,0.9586351655543043,0.718299164768413,0.9708261489868164,1.415785082000184,0.9975903614457832,0.8748915057179286,13123.0,0.9382716049382716,0.7148052327148748,0.967280163599182,0.571256038647343,0.03508771929824561,0.1588785046728972,0.14020357858066365,,,none,3,cuda,,,xgboost_defaults,,0,,,,50,1000,,,base_gfp,temporal.xgb.base_gfp.s3,df98d4f,elliptic_pp,1e308197ab99407d81011a8e2e495bd8,abhinawap,/home/abhinawap/StudySes/mulegraph/.venv/bin/mulegraph,xgb,temporal,LOCAL,a22c7accccccd0ed,f576c23d95a59084,2023.1,child
07e0f96a77c6439b95cd2ce5e922f789,2,FINISHED,/home/abhinawap/StudySes/mulegraph/mlruns/2/07e0f96a77c6439b95cd2ce5e922f789/artifacts,2026-09-17 01:56:19.204000+00:00,2026-09-17 01:56:19.366000+00:00,182.0,828.0,0.9586351655543043,0.718299164768413,0.9708261489868164,1.354425104999791,0.9975903614457832,0.8748915057179286,13123.0,0.9382716049382716,0.7148052327148748,0.967280163599182,0.571256038647343,0.03508771929824561,0.1588785046728972,0.14020357858066365,,,none,2,cuda,,,xgboost_defaults,,0,,,,50,1000,,,base_gfp,temporal.xgb.base_gfp.s2,df98d4f,elliptic_pp,1e308197ab99407d81011a8e2e495bd8,abhinawap,/home/abhinawap/StudySes/mulegraph/.venv/bin/mulegraph,xgb,temporal,LOCAL,a22c7accccccd0ed,f576c23d95a59084,2023.1,child
855fa7bad0044f0e85743c85f5354c31,2,FINISHED,/home/abhinawap/StudySes/mulegraph/mlruns/2/855fa7bad0044f0e85743c85f5354c31/artifacts,2026-09-17 01:56:03.895000+00:00,2026-09-17 01:56:04.051000+00:00,182.0,828.0,0.9586351655543043,0.718299164768413,0.9708261489868164,1.5547304460001214,0.9975903614457832,0.8748915057179286,13123.0,0.9382716049382716,0.7148052327148748,0.967280163599182,0.571256038647343,0.03508771929824561,0.1588785046728972,0.14020357858066365,,,none,1,cuda,,,xgboost_defaults,,0,,,,50,1000,,,base_gfp,temporal.xgb.base_gfp.s1,df98d4f,elliptic_pp,1e308197ab99407d81011a8e2e495bd8,abhinawap,/home/abhinawap/StudySes/mulegraph/.venv/bin/mulegraph,xgb,temporal,LOCAL,a22c7accccccd0ed,f576c23d95a59084,2023.1,child
73262177376543f39bdc939e870cdbb0,2,FINISHED,/home/abhinawap/StudySes/mulegraph/mlruns/2/73262177376543f39bdc939e870cdbb0/artifacts,2026-09-17 01:55:50.875000+00:00,2026-09-17 01:55:50.999000+00:00,182.0,828.0,0.9586351655543043,0.718299164768413,0.9708261489868164,1.562118541000018,0.9975903614457832,0.8748915057179286,13123.0,0.9382716049382716,0.7148052327148748,0.967280163599182,0.571256038647343,0.03508771929824561,0.1588785046728972,0.14020357858066365,,,none,0,cuda,,,xgboost_defaults,,0,,,,50,1000,,,base_gfp,temporal.xgb.base_gfp.s0,df98d4f,elliptic_pp,1e308197ab99407d81011a8e2e495bd8,abhinawap,/home/abhinawap/StudySes/mulegraph/.venv/bin/mulegraph,xgb,temporal,LOCAL,a22c7accccccd0ed,f576c23d95a59084,2023.1,child
1e308197ab99407d81011a8e2e495bd8,2,FINISHED,/home/abhinawap/StudySes/mulegraph/mlruns/2/1e308197ab99407d81011a8e2e495bd8/artifacts,2026-09-17 01:55:49.086000+00:00,2026-09-17 01:59:13.845000+00:00,,,,,,,,,,,,,,,,,,,,,,,,,,,,,,,,2023.1,"[0, 1, 2, 3, 4]",,elliptic_drift.df98d4f,df98d4f,elliptic_pp,,abhinawap,/home/abhinawap/StudySes/mulegraph/.venv/bin/mulegraph,,,LOCAL,,,,parent
14b158daca9644a6b9ab78888983a568,2,FINISHED,/home/abhinawap/StudySes/mulegraph/mlruns/2/14b158daca9644a6b9ab78888983a568/artifacts,2026-09-17 01:51:02.770000+00:00,2026-09-17 01:51:03.053000+00:00,22.0,828.0,0.8427188401725406,0.5966386554621849,0.899280309677124,20.3708654940001,0.7486437613019892,0.89348552983912,13123.0,0.8242424242424243,0.6185549110430002,0.71,0.5144927536231884,0.06349206349206349,0.19667754375556215,0.21029257287007996,20,200,neighbor,4,cuda,0.0,2,sage_default_2x64,True,0,64,0.2,0.001,,,,,base_gfp,temporal.sage.base_gfp.s4,042d49e,elliptic_pp,55f83c1f411a40afb1670314822db4b9,abhinawap,/home/abhinawap/StudySes/mulegraph/.venv/bin/mulegraph,sage,temporal,LOCAL,a22c7accccccd0ed,f576c23d95a59084,2023.1,child
b84e53be029c4cf2951a32a055baa680,2,FINISHED,/home/abhinawap/StudySes/mulegraph/mlruns/2/b84e53be029c4cf2951a32a055baa680/artifacts,2026-09-17 01:50:34.020000+00:00,2026-09-17 01:50:34.219000+00:00,26.0,828.0,0.8450436350210847,0.5578947368421052,0.9532600045204163,23.87956122200012,0.6188340807174888,0.8689259409877547,13123.0,0.8218029350104822,0.5790459197028878,0.7390438247011952,0.44806763285024154,0.031746031746031744,0.1739700865914458,0.10245513431751177,20,200,neighbor,3,cuda,0.0,2,sage_default_2x64,True,0,64,0.2,0.001,,,,,base_gfp,temporal.sage.base_gfp.s3,042d49e,elliptic_pp,55f83c1f411a40afb1670314822db4b9,abhinawap,/home/abhinawap/StudySes/mulegraph/.venv/bin/mulegraph,sage,temporal,LOCAL,a22c7accccccd0ed,f576c23d95a59084,2023.1,child
46b2b19d35034df5b259bfec9a882d78,2,FINISHED,/home/abhinawap/StudySes/mulegraph/mlruns/2/46b2b19d35034df5b259bfec9a882d78/artifacts,2026-09-17 01:50:04.415000+00:00,2026-09-17 01:50:04.662000+00:00,22.0,828.0,0.8634586196613289,0.5762473647224174,0.9189837574958801,20.673055313000077,0.6865671641791045,0.8894733042181634,13123.0,0.8308977035490606,0.5970110276501973,0.6890756302521008,0.49516908212560384,0.03125,0.2032495401594114,0.15283216186853035,20,200,neighbor,2,cuda,0.0,2,sage_default_2x64,True,0,64,0.2,0.001,,,,,base_gfp,temporal.sage.base_gfp.s2,042d49e,elliptic_pp,55f83c1f411a40afb1670314822db4b9,abhinawap,/home/abhinawap/StudySes/mulegraph/.venv/bin/mulegraph,sage,temporal,LOCAL,a22c7accccccd0ed,f576c23d95a59084,2023.1,child
7c7a677bb13b42ada89241b6b863a381,2,FINISHED,/home/abhinawap/StudySes/mulegraph/mlruns/2/7c7a677bb13b42ada89241b6b863a381/artifacts,2026-09-17 01:49:38.576000+00:00,2026-09-17 01:49:38.760000+00:00,9.0,828.0,0.8243597626461279,0.5477996965098634,0.9153380393981934,13.32899033800004,0.6499215070643642,0.8754852037177832,13123.0,0.7966457023060797,0.5797808423408624,0.736734693877551,0.4359903381642512,0.03333333333333333,0.17813003761418592,0.11637383673385251,20,200,neighbor,1,cuda,0.0,2,sage_default_2x64,True,0,64,0.2,0.001,,,,,base_gfp,temporal.sage.base_gfp.s1,042d49e,elliptic_pp,55f83c1f411a40afb1670314822db4b9,abhinawap,/home/abhinawap/StudySes/mulegraph/.venv/bin/mulegraph,sage,temporal,LOCAL,a22c7accccccd0ed,f576c23d95a59084,2023.1,child
e65c71e072ae44deb2075cc8e1244a67,2,FINISHED,/home/abhinawap/StudySes/mulegraph/mlruns/2/e65c71e072ae44deb2075cc8e1244a67/artifacts,2026-09-17 01:49:19.366000+00:00,2026-09-17 01:49:19.549000+00:00,33.0,828.0,0.8466399929709988,0.5622119815668203,0.8137390613555908,22.120362961999945,0.637904468412943,0.884015634178302,13123.0,0.8247011952191234,0.5520277157886697,0.61794500723589,0.5157004830917874,0.06060606060606061,0.1948853615520282,0.1751646533974499,20,200,neighbor,0,cuda,0.0,2,sage_default_2x64,True,0,64,0.2,0.001,,,,,base_gfp,temporal.sage.base_gfp.s0,042d49e,elliptic_pp,55f83c1f411a40afb1670314822db4b9,abhinawap,/home/abhinawap/StudySes/mulegraph/.venv/bin/mulegraph,sage,temporal,LOCAL,a22c7accccccd0ed,f576c23d95a59084,2023.1,child
7edd352cff134e9e99e367ed43ffd47a,2,FINISHED,/home/abhinawap/StudySes/mulegraph/mlruns/2/7edd352cff134e9e99e367ed43ffd47a/artifacts,2026-09-17 01:48:43.491000+00:00,2026-09-17 01:48:43.657000+00:00,182.0,828.0,0.9586351655543043,0.718299164768413,0.9708261489868164,2.4377102509997712,0.9975903614457832,0.8748915057179286,13123.0,0.9382716049382716,0.7148052327148748,0.967280163599182,0.571256038647343,0.03508771929824561,0.1588785046728972,0.14020357858066365,,,none,4,cuda,,,xgboost_defaults,,0,,,,50,1000,,,base_gfp,temporal.xgb.base_gfp.s4,042d49e,elliptic_pp,55f83c1f411a40afb1670314822db4b9,abhinawap,/home/abhinawap/StudySes/mulegraph/.venv/bin/mulegraph,xgb,temporal,LOCAL,a22c7accccccd0ed,f576c23d95a59084,2023.1,child
6948735760cd4361b1f7775294942d35,2,FINISHED,/home/abhinawap/StudySes/mulegraph/mlruns/2/6948735760cd4361b1f7775294942d35/artifacts,2026-09-17 01:48:33.115000+00:00,2026-09-17 01:48:33.953000+00:00,182.0,828.0,0.9586351655543043,0.718299164768413,0.9708261489868164,3.2829389730000003,0.9975903614457832,0.8748915057179286,13123.0,0.9382716049382716,0.7148052327148748,0.967280163599182,0.571256038647343,0.03508771929824561,0.1588785046728972,0.14020357858066365,,,none,3,cuda,,,xgboost_defaults,,0,,,,50,1000,,,base_gfp,temporal.xgb.base_gfp.s3,042d49e,elliptic_pp,55f83c1f411a40afb1670314822db4b9,abhinawap,/home/abhinawap/StudySes/mulegraph/.venv/bin/mulegraph,xgb,temporal,LOCAL,a22c7accccccd0ed,f576c23d95a59084,2023.1,child
c56e4ea56360428d8e6dd2c96fcb42ac,2,FINISHED,/home/abhinawap/StudySes/mulegraph/mlruns/2/c56e4ea56360428d8e6dd2c96fcb42ac/artifacts,2026-09-17 01:48:24.748000+00:00,2026-09-17 01:48:24.890000+00:00,182.0,828.0,0.9586351655543043,0.718299164768413,0.9708261489868164,1.7864845690000948,0.9975903614457832,0.8748915057179286,13123.0,0.9382716049382716,0.7148052327148748,0.967280163599182,0.571256038647343,0.03508771929824561,0.1588785046728972,0.14020357858066365,,,none,2,cuda,,,xgboost_defaults,,0,,,,50,1000,,,base_gfp,temporal.xgb.base_gfp.s2,042d49e,elliptic_pp,55f83c1f411a40afb1670314822db4b9,abhinawap,/home/abhinawap/StudySes/mulegraph/.venv/bin/mulegraph,xgb,temporal,LOCAL,a22c7accccccd0ed,f576c23d95a59084,2023.1,child
e6defc4f905b4cc2b68b0774ed05fac2,2,FINISHED,/home/abhinawap/StudySes/mulegraph/mlruns/2/e6defc4f905b4cc2b68b0774ed05fac2/artifacts,2026-09-17 01:48:17.275000+00:00,2026-09-17 01:48:17.442000+00:00,182.0,828.0,0.9586351655543043,0.718299164768413,0.9708261489868164,1.6818337419999807,0.9975903614457832,0.8748915057179286,13123.0,0.9382716049382716,0.7148052327148748,0.967280163599182,0.571256038647343,0.03508771929824561,0.1588785046728972,0.14020357858066365,,,none,1,cuda,,,xgboost_defaults,,0,,,,50,1000,,,base_gfp,temporal.xgb.base_gfp.s1,042d49e,elliptic_pp,55f83c1f411a40afb1670314822db4b9,abhinawap,/home/abhinawap/StudySes/mulegraph/.venv/bin/mulegraph,xgb,temporal,LOCAL,a22c7accccccd0ed,f576c23d95a59084,2023.1,child
3d23ff0ffe444a77842b628b2f2f8b9a,2,FINISHED,/home/abhinawap/StudySes/mulegraph/mlruns/2/3d23ff0ffe444a77842b628b2f2f8b9a/artifacts,2026-09-17 01:48:10.359000+00:00,2026-09-17 01:48:10.506000+00:00,182.0,828.0,0.9586351655543043,0.718299164768413,0.9708261489868164,1.5970613859999503,0.9975903614457832,0.8748915057179286,13123.0,0.9382716049382716,0.7148052327148748,0.967280163599182,0.571256038647343,0.03508771929824561,0.1588785046728972,0.14020357858066365,,,none,0,cuda,,,xgboost_defaults,,0,,,,50,1000,,,base_gfp,temporal.xgb.base_gfp.s0,042d49e,elliptic_pp,55f83c1f411a40afb1670314822db4b9,abhinawap,/home/abhinawap/StudySes/mulegraph/.venv/bin/mulegraph,xgb,temporal,LOCAL,a22c7accccccd0ed,f576c23d95a59084,2023.1,child
55f83c1f411a40afb1670314822db4b9,2,FINISHED,/home/abhinawap/StudySes/mulegraph/mlruns/2/55f83c1f411a40afb1670314822db4b9/artifacts,2026-09-17 01:48:08.500000+00:00,2026-09-17 01:51:07.150000+00:00,,,,,,,,,,,,,,,,,,,,,,,,,,,,,,,,2023.1,"[0, 1, 2, 3, 4]",,elliptic_drift.042d49e,042d49e,elliptic_pp,,abhinawap,/home/abhinawap/StudySes/mulegraph/.venv/bin/mulegraph,,,LOCAL,,,,parent
