run_id,experiment_id,status,artifact_uri,start_time,end_time,metrics.test_roc_auc,metrics.val_pr_auc,metrics.fit_seconds,metrics.test_pr_auc,metrics.diag_precision,metrics.val_f1,metrics.threshold,metrics.diag_recall,metrics.best_iteration,metrics.diag_n_pos,metrics.test_f1,metrics.test_p_at_r80,metrics.test_p_at_r50,metrics.diag_n,params.dataset_version,params.total_fits,params.feature_version,params.trials_completed,params.seeds,params.device,params.trial0_source,params.seed,params.model.n_estimators,params.model.early_stopping_rounds,params.sampler,params.model.weight_decay,params.model.epochs,params.model.dropout,params.model.lr,params.model.hidden,params.model.layers,params.model.undirected,params.model.patience,tags.dataset,tags.mlflow.source.type,tags.mlflow.user,tags.mlflow.source.name,tags.mlflow.runName,tags.kind,tags.git_commit,tags.regime,tags.mlflow.parentRunId,tags.feature_version,tags.features,tags.split_hash,tags.dataset_version,tags.model
281caef1ade34e42aecd51bf2ab1e8a8,1,FINISHED,/home/abhinawap/StudySes/mulegraph/mlruns/1/281caef1ade34e42aecd51bf2ab1e8a8/artifacts,2026-09-15 15:05:40.460000+00:00,2026-09-15 15:15:15.803000+00:00,,,,,,,,,,,,,,,2023.1,50,d6e912c8fcb83f3b,0,"[0, 1, 2, 3, 4]",cuda,,,,,,,,,,,,,,elliptic_pp,LOCAL,abhinawap,/home/abhinawap/StudySes/mulegraph/.venv/bin/mulegraph,elliptic_mvp.a64a16e,parent,a64a16e,,,,,,,
1a6c43fc254c451d92abbe21b32640c8,1,FINISHED,/home/abhinawap/StudySes/mulegraph/mlruns/1/1a6c43fc254c451d92abbe21b32640c8/artifacts,2026-09-15 15:05:42.166000+00:00,2026-09-15 15:05:42.197000+00:00,0.996932755104747,0.9805808649922023,1.5720916620002754,0.9873041423044565,0.98125,0.9429657794676807,0.6896948218345642,0.9208211143695014,195.0,682.0,0.9500756429652042,1.0,1.0,6985.0,,,,0,,cuda,xgboost_defaults,0,1000,50,none,,,,,,,,,elliptic_pp,LOCAL,abhinawap,/home/abhinawap/StudySes/mulegraph/.venv/bin/mulegraph,random.xgb.base.s0,child,a64a16e,random,281caef1ade34e42aecd51bf2ab1e8a8,none,base,408c823763f1f17f,2023.1,xgb
4db509108c434423bcceba1aa072cddf,1,FINISHED,/home/abhinawap/StudySes/mulegraph/mlruns/1/4db509108c434423bcceba1aa072cddf/artifacts,2026-09-15 15:05:43.404000+00:00,2026-09-15 15:05:43.468000+00:00,0.996932755104747,0.9805808649922023,1.1590731280002728,0.9873041423044565,0.98125,0.9429657794676807,0.6896948218345642,0.9208211143695014,195.0,682.0,0.9500756429652042,1.0,1.0,6985.0,,,,0,,cuda,xgboost_defaults,1,1000,50,none,,,,,,,,,elliptic_pp,LOCAL,abhinawap,/home/abhinawap/StudySes/mulegraph/.venv/bin/mulegraph,random.xgb.base.s1,child,a64a16e,random,281caef1ade34e42aecd51bf2ab1e8a8,none,base,408c823763f1f17f,2023.1,xgb
b2b1fa78da25423c990dff6c3ca72398,1,FINISHED,/home/abhinawap/StudySes/mulegraph/mlruns/1/b2b1fa78da25423c990dff6c3ca72398/artifacts,2026-09-15 15:05:44.572000+00:00,2026-09-15 15:05:44.603000+00:00,0.996932755104747,0.9805808649922023,1.0530195119999917,0.9873041423044565,0.98125,0.9429657794676807,0.6896948218345642,0.9208211143695014,195.0,682.0,0.9500756429652042,1.0,1.0,6985.0,,,,0,,cuda,xgboost_defaults,2,1000,50,none,,,,,,,,,elliptic_pp,LOCAL,abhinawap,/home/abhinawap/StudySes/mulegraph/.venv/bin/mulegraph,random.xgb.base.s2,child,a64a16e,random,281caef1ade34e42aecd51bf2ab1e8a8,none,base,408c823763f1f17f,2023.1,xgb
6b46ebf01e42409f92b09b611488e24b,1,FINISHED,/home/abhinawap/StudySes/mulegraph/mlruns/1/6b46ebf01e42409f92b09b611488e24b/artifacts,2026-09-15 15:05:45.776000+00:00,2026-09-15 15:05:45.836000+00:00,0.996932755104747,0.9805808649922023,1.1303690220001954,0.9873041423044565,0.98125,0.9429657794676807,0.6896948218345642,0.9208211143695014,195.0,682.0,0.9500756429652042,1.0,1.0,6985.0,,,,0,,cuda,xgboost_defaults,3,1000,50,none,,,,,,,,,elliptic_pp,LOCAL,abhinawap,/home/abhinawap/StudySes/mulegraph/.venv/bin/mulegraph,random.xgb.base.s3,child,a64a16e,random,281caef1ade34e42aecd51bf2ab1e8a8,none,base,408c823763f1f17f,2023.1,xgb
a3b26a2ef560409ab5a414b82ed6e09e,1,FINISHED,/home/abhinawap/StudySes/mulegraph/mlruns/1/a3b26a2ef560409ab5a414b82ed6e09e/artifacts,2026-09-15 15:05:46.956000+00:00,2026-09-15 15:05:47.028000+00:00,0.996932755104747,0.9805808649922023,1.0464309259996298,0.9873041423044565,0.98125,0.9429657794676807,0.6896948218345642,0.9208211143695014,195.0,682.0,0.9500756429652042,1.0,1.0,6985.0,,,,0,,cuda,xgboost_defaults,4,1000,50,none,,,,,,,,,elliptic_pp,LOCAL,abhinawap,/home/abhinawap/StudySes/mulegraph/.venv/bin/mulegraph,random.xgb.base.s4,child,a64a16e,random,281caef1ade34e42aecd51bf2ab1e8a8,none,base,408c823763f1f17f,2023.1,xgb
af23233336a245f2bbe15e59615b73f5,1,FINISHED,/home/abhinawap/StudySes/mulegraph/mlruns/1/af23233336a245f2bbe15e59615b73f5/artifacts,2026-09-15 15:05:47.523000+00:00,2026-09-15 15:05:47.605000+00:00,0.9969260087943971,0.9804380920980631,1.0298699510003644,0.9868653520488493,0.9752704791344667,0.9434815373021854,0.5456243753433228,0.9252199413489736,165.0,682.0,0.9495861550037622,1.0,1.0,6985.0,,,,0,,cuda,xgboost_defaults,1,1000,50,none,,,,,,,,,elliptic_pp,LOCAL,abhinawap,/home/abhinawap/StudySes/mulegraph/.venv/bin/mulegraph,random.xgb.base_gfp.s1,child,a64a16e,random,281caef1ade34e42aecd51bf2ab1e8a8,d6e912c8fcb83f3b,base_gfp,408c823763f1f17f,2023.1,xgb
ad31c9b948b042f68ffc69ffee9bfc72,1,FINISHED,/home/abhinawap/StudySes/mulegraph/mlruns/1/ad31c9b948b042f68ffc69ffee9bfc72/artifacts,2026-09-15 15:05:48.152000+00:00,2026-09-15 15:05:48.229000+00:00,0.9969260087943971,0.9804380920980631,1.0478367089999665,0.9868653520488493,0.9752704791344667,0.9434815373021854,0.5456243753433228,0.9252199413489736,165.0,682.0,0.9495861550037622,1.0,1.0,6985.0,,,,0,,cuda,xgboost_defaults,0,1000,50,none,,,,,,,,,elliptic_pp,LOCAL,abhinawap,/home/abhinawap/StudySes/mulegraph/.venv/bin/mulegraph,random.xgb.base_gfp.s0,child,a64a16e,random,281caef1ade34e42aecd51bf2ab1e8a8,d6e912c8fcb83f3b,base_gfp,408c823763f1f17f,2023.1,xgb
ff832956ed58466190c3b7b32096ff9e,1,FINISHED,/home/abhinawap/StudySes/mulegraph/mlruns/1/ff832956ed58466190c3b7b32096ff9e/artifacts,2026-09-15 15:05:48.720000+00:00,2026-09-15 15:05:48.790000+00:00,0.9969260087943971,0.9804380920980631,1.0641549390002183,0.9868653520488493,0.9752704791344667,0.9434815373021854,0.5456243753433228,0.9252199413489736,165.0,682.0,0.9495861550037622,1.0,1.0,6985.0,,,,0,,cuda,xgboost_defaults,2,1000,50,none,,,,,,,,,elliptic_pp,LOCAL,abhinawap,/home/abhinawap/StudySes/mulegraph/.venv/bin/mulegraph,random.xgb.base_gfp.s2,child,a64a16e,random,281caef1ade34e42aecd51bf2ab1e8a8,d6e912c8fcb83f3b,base_gfp,408c823763f1f17f,2023.1,xgb
78d9d3c1983049a3af0287aec46250f1,1,FINISHED,/home/abhinawap/StudySes/mulegraph/mlruns/1/78d9d3c1983049a3af0287aec46250f1/artifacts,2026-09-15 15:05:49.890000+00:00,2026-09-15 15:05:49.961000+00:00,0.9969260087943971,0.9804380920980631,1.0454034920003323,0.9868653520488493,0.9752704791344667,0.9434815373021854,0.5456243753433228,0.9252199413489736,165.0,682.0,0.9495861550037622,1.0,1.0,6985.0,,,,0,,cuda,xgboost_defaults,3,1000,50,none,,,,,,,,,elliptic_pp,LOCAL,abhinawap,/home/abhinawap/StudySes/mulegraph/.venv/bin/mulegraph,random.xgb.base_gfp.s3,child,a64a16e,random,281caef1ade34e42aecd51bf2ab1e8a8,d6e912c8fcb83f3b,base_gfp,408c823763f1f17f,2023.1,xgb
78e6df005fed4a318f8e13d3a57932fc,1,FINISHED,/home/abhinawap/StudySes/mulegraph/mlruns/1/78e6df005fed4a318f8e13d3a57932fc/artifacts,2026-09-15 15:05:51.027000+00:00,2026-09-15 15:05:51.100000+00:00,0.9969260087943971,0.9804380920980631,1.0031376580000142,0.9868653520488493,0.9752704791344667,0.9434815373021854,0.5456243753433228,0.9252199413489736,165.0,682.0,0.9495861550037622,1.0,1.0,6985.0,,,,0,,cuda,xgboost_defaults,4,1000,50,none,,,,,,,,,elliptic_pp,LOCAL,abhinawap,/home/abhinawap/StudySes/mulegraph/.venv/bin/mulegraph,random.xgb.base_gfp.s4,child,a64a16e,random,281caef1ade34e42aecd51bf2ab1e8a8,d6e912c8fcb83f3b,base_gfp,408c823763f1f17f,2023.1,xgb
6fbad489165e402da396c0e97410d8c0,1,FINISHED,/home/abhinawap/StudySes/mulegraph/mlruns/1/6fbad489165e402da396c0e97410d8c0/artifacts,2026-09-15 15:06:33.819000+00:00,2026-09-15 15:06:33.893000+00:00,0.9909843704273391,0.9455424250045724,42.454823385000054,0.957620107875189,0.925531914893617,0.90187265917603,0.6849696040153503,0.8929618768328446,134.0,682.0,0.908955223880597,0.9820143884892086,0.9912790697674418,6985.0,,,,0,,cuda,sage_default_2x64,0,,,neighbor,0.0,200,0.2,0.001,64,2,True,20,elliptic_pp,LOCAL,abhinawap,/home/abhinawap/StudySes/mulegraph/.venv/bin/mulegraph,random.sage.base.s0,child,a64a16e,random,281caef1ade34e42aecd51bf2ab1e8a8,none,base,408c823763f1f17f,2023.1,sage
99d4d244c0194ac49091c398626ecd05,1,FINISHED,/home/abhinawap/StudySes/mulegraph/mlruns/1/99d4d244c0194ac49091c398626ecd05/artifacts,2026-09-15 15:07:16.794000+00:00,2026-09-15 15:07:16.873000+00:00,0.9907349895757873,0.9515939311448655,44.550332824999714,0.9610841772567646,0.9392523364485982,0.9033707865168539,0.7269005179405212,0.8841642228739003,140.0,682.0,0.9108761329305136,0.9837837837837838,0.9941690962099126,6985.0,,,,0,,cuda,sage_default_2x64,1,,,neighbor,0.0,200,0.2,0.001,64,2,True,20,elliptic_pp,LOCAL,abhinawap,/home/abhinawap/StudySes/mulegraph/.venv/bin/mulegraph,random.sage.base.s1,child,a64a16e,random,281caef1ade34e42aecd51bf2ab1e8a8,none,base,408c823763f1f17f,2023.1,sage
3c92d01793204c69be09f96b0fbb6ede,1,FINISHED,/home/abhinawap/StudySes/mulegraph/mlruns/1/3c92d01793204c69be09f96b0fbb6ede/artifacts,2026-09-15 15:07:48.258000+00:00,2026-09-15 15:07:48.357000+00:00,0.9893171012453688,0.9502267881982926,33.07159588200011,0.9553209981433252,0.9199395770392749,0.9016393442622951,0.7706437706947327,0.8929618768328446,96.0,682.0,0.90625,0.9873417721518988,0.9941690962099126,6985.0,,,,0,,cuda,sage_default_2x64,2,,,neighbor,0.0,200,0.2,0.001,64,2,True,20,elliptic_pp,LOCAL,abhinawap,/home/abhinawap/StudySes/mulegraph/.venv/bin/mulegraph,random.sage.base.s2,child,a64a16e,random,281caef1ade34e42aecd51bf2ab1e8a8,none,base,408c823763f1f17f,2023.1,sage
6980e84f6b7948f99069f89f9f0ecef6,1,FINISHED,/home/abhinawap/StudySes/mulegraph/mlruns/1/6980e84f6b7948f99069f89f9f0ecef6/artifacts,2026-09-15 15:08:26.742000+00:00,2026-09-15 15:08:26.827000+00:00,0.9902922920380045,0.9440702263301324,41.785855669999364,0.9592197069908057,0.9669421487603306,0.8949843260188088,0.9293563365936279,0.8577712609970675,130.0,682.0,0.9090909090909091,0.9909255898366606,0.9941690962099126,6985.0,,,,0,,cuda,sage_default_2x64,3,,,neighbor,0.0,200,0.2,0.001,64,2,True,20,elliptic_pp,LOCAL,abhinawap,/home/abhinawap/StudySes/mulegraph/.venv/bin/mulegraph,random.sage.base.s3,child,a64a16e,random,281caef1ade34e42aecd51bf2ab1e8a8,none,base,408c823763f1f17f,2023.1,sage
6c00f92a635e4ae3b8252b186837e169,1,FINISHED,/home/abhinawap/StudySes/mulegraph/mlruns/1/6c00f92a635e4ae3b8252b186837e169/artifacts,2026-09-15 15:08:56.155000+00:00,2026-09-15 15:08:56.232000+00:00,0.990766627445014,0.9423267019111888,30.97831274100008,0.9587375609049863,0.9351851851851852,0.8952959028831563,0.7748230695724487,0.8885630498533724,87.0,682.0,0.9112781954887218,0.9873417721518988,0.9941690962099126,6985.0,,,,0,,cuda,sage_default_2x64,4,,,neighbor,0.0,200,0.2,0.001,64,2,True,20,elliptic_pp,LOCAL,abhinawap,/home/abhinawap/StudySes/mulegraph/.venv/bin/mulegraph,random.sage.base.s4,child,a64a16e,random,281caef1ade34e42aecd51bf2ab1e8a8,none,base,408c823763f1f17f,2023.1,sage
c332e57a785541c384bca5c017d7544d,1,FINISHED,/home/abhinawap/StudySes/mulegraph/mlruns/1/c332e57a785541c384bca5c017d7544d/artifacts,2026-09-15 15:09:34.081000+00:00,2026-09-15 15:09:34.160000+00:00,0.989141580860578,0.9500610250159421,39.504398657999445,0.9527368638888725,0.926905132192846,0.8942965779467681,0.8591464757919312,0.873900293255132,121.0,682.0,0.8996226415094339,0.9698046181172292,0.9970760233918129,6985.0,,,,0,,cuda,sage_default_2x64,0,,,neighbor,0.0,200,0.2,0.001,64,2,True,20,elliptic_pp,LOCAL,abhinawap,/home/abhinawap/StudySes/mulegraph/.venv/bin/mulegraph,random.sage.base_gfp.s0,child,a64a16e,random,281caef1ade34e42aecd51bf2ab1e8a8,d6e912c8fcb83f3b,base_gfp,408c823763f1f17f,2023.1,sage
3c9d0c10ad224aa4b4855324349801c4,1,FINISHED,/home/abhinawap/StudySes/mulegraph/mlruns/1/3c9d0c10ad224aa4b4855324349801c4/artifacts,2026-09-15 15:10:15.029000+00:00,2026-09-15 15:10:15.109000+00:00,0.9896101004828032,0.9461987237252635,42.48521506999987,0.9533680572838419,0.9451612903225807,0.9014740108611327,0.9424233436584473,0.8592375366568915,115.0,682.0,0.9001536098310292,0.9663716814159292,1.0,6985.0,,,,0,,cuda,sage_default_2x64,1,,,neighbor,0.0,200,0.2,0.001,64,2,True,20,elliptic_pp,LOCAL,abhinawap,/home/abhinawap/StudySes/mulegraph/.venv/bin/mulegraph,random.sage.base_gfp.s1,child,a64a16e,random,281caef1ade34e42aecd51bf2ab1e8a8,d6e912c8fcb83f3b,base_gfp,408c823763f1f17f,2023.1,sage
47c71b8a65a741039960b58303187c9c,1,FINISHED,/home/abhinawap/StudySes/mulegraph/mlruns/1/47c71b8a65a741039960b58303187c9c/artifacts,2026-09-15 15:11:03.770000+00:00,2026-09-15 15:11:03.803000+00:00,0.988897783162419,0.9518612866902466,52.060413702000005,0.9530432153704798,0.8969072164948454,0.9019316493313521,0.8572807908058167,0.8929618768328446,151.0,682.0,0.8949301983835415,0.975,0.9941690962099126,6985.0,,,,0,,cuda,sage_default_2x64,2,,,neighbor,0.0,200,0.2,0.001,64,2,True,20,elliptic_pp,LOCAL,abhinawap,/home/abhinawap/StudySes/mulegraph/.venv/bin/mulegraph,random.sage.base_gfp.s2,child,a64a16e,random,281caef1ade34e42aecd51bf2ab1e8a8,d6e912c8fcb83f3b,base_gfp,408c823763f1f17f,2023.1,sage
63a40c4ab42d426c9f999cb73db0c317,1,FINISHED,/home/abhinawap/StudySes/mulegraph/mlruns/1/63a40c4ab42d426c9f999cb73db0c317/artifacts,2026-09-15 15:11:27.791000+00:00,2026-09-15 15:11:27.819000+00:00,0.9874683795781276,0.9428982007371342,25.604669897999884,0.9481479286007616,0.9332298136645962,0.8902346707040121,0.8281056880950928,0.8812316715542522,74.0,682.0,0.9064856711915535,0.975,0.9912790697674418,6985.0,,,,0,,cuda,sage_default_2x64,3,,,neighbor,0.0,200,0.2,0.001,64,2,True,20,elliptic_pp,LOCAL,abhinawap,/home/abhinawap/StudySes/mulegraph/.venv/bin/mulegraph,random.sage.base_gfp.s3,child,a64a16e,random,281caef1ade34e42aecd51bf2ab1e8a8,d6e912c8fcb83f3b,base_gfp,408c823763f1f17f,2023.1,sage
1156aea1e6bd42f196ef4e5b4e3d02dc,1,FINISHED,/home/abhinawap/StudySes/mulegraph/mlruns/1/1156aea1e6bd42f196ef4e5b4e3d02dc/artifacts,2026-09-15 15:12:08.671000+00:00,2026-09-15 15:12:08.749000+00:00,0.9889809488848349,0.9490981637401734,42.56399761600005,0.9542680509880611,0.9300911854103343,0.9016641452344932,0.8942565321922302,0.8973607038123167,131.0,682.0,0.9134328358208955,0.9732620320855615,0.9941690962099126,6985.0,,,,0,,cuda,sage_default_2x64,4,,,neighbor,0.0,200,0.2,0.001,64,2,True,20,elliptic_pp,LOCAL,abhinawap,/home/abhinawap/StudySes/mulegraph/.venv/bin/mulegraph,random.sage.base_gfp.s4,child,a64a16e,random,281caef1ade34e42aecd51bf2ab1e8a8,d6e912c8fcb83f3b,base_gfp,408c823763f1f17f,2023.1,sage
ddf2bd937f0e443ea1eb51bf27843248,1,FINISHED,/home/abhinawap/StudySes/mulegraph/mlruns/1/ddf2bd937f0e443ea1eb51bf27843248/artifacts,2026-09-15 15:12:09.958000+00:00,2026-09-15 15:12:10.022000+00:00,0.9970534907968696,0.9874967080108566,1.1625564559999475,0.990981027617838,0.956268221574344,0.9616519174041299,0.27313119173049927,0.9618768328445748,98.0,682.0,0.9590643274853801,1.0,1.0,6985.0,,,,0,,cuda,xgboost_defaults,0,1000,50,none,,,,,,,,,elliptic_pp,LOCAL,abhinawap,/home/abhinawap/StudySes/mulegraph/.venv/bin/mulegraph,random.xgb.raw165.s0,child,a64a16e,random,281caef1ade34e42aecd51bf2ab1e8a8,none,raw165,408c823763f1f17f,2023.1,xgb
add45ba6ce9f42eba3b797ab7cc417ed,1,FINISHED,/home/abhinawap/StudySes/mulegraph/mlruns/1/add45ba6ce9f42eba3b797ab7cc417ed/artifacts,2026-09-15 15:12:11.026000+00:00,2026-09-15 15:12:11.098000+00:00,0.9970534907968696,0.9874967080108566,0.9564671090001866,0.990981027617838,0.956268221574344,0.9616519174041299,0.27313119173049927,0.9618768328445748,98.0,682.0,0.9590643274853801,1.0,1.0,6985.0,,,,0,,cuda,xgboost_defaults,1,1000,50,none,,,,,,,,,elliptic_pp,LOCAL,abhinawap,/home/abhinawap/StudySes/mulegraph/.venv/bin/mulegraph,random.xgb.raw165.s1,child,a64a16e,random,281caef1ade34e42aecd51bf2ab1e8a8,none,raw165,408c823763f1f17f,2023.1,xgb
bb32aa2b8e6944f7bb71802aa919d249,1,FINISHED,/home/abhinawap/StudySes/mulegraph/mlruns/1/bb32aa2b8e6944f7bb71802aa919d249/artifacts,2026-09-15 15:12:12.078000+00:00,2026-09-15 15:12:12.106000+00:00,0.9970534907968696,0.9874967080108566,0.9318457210001725,0.990981027617838,0.956268221574344,0.9616519174041299,0.27313119173049927,0.9618768328445748,98.0,682.0,0.9590643274853801,1.0,1.0,6985.0,,,,0,,cuda,xgboost_defaults,2,1000,50,none,,,,,,,,,elliptic_pp,LOCAL,abhinawap,/home/abhinawap/StudySes/mulegraph/.venv/bin/mulegraph,random.xgb.raw165.s2,child,a64a16e,random,281caef1ade34e42aecd51bf2ab1e8a8,none,raw165,408c823763f1f17f,2023.1,xgb
7d6af272aae2449bb89c5f0297c0d8c9,1,FINISHED,/home/abhinawap/StudySes/mulegraph/mlruns/1/7d6af272aae2449bb89c5f0297c0d8c9/artifacts,2026-09-15 15:12:13.114000+00:00,2026-09-15 15:12:13.183000+00:00,0.9970534907968696,0.9874967080108566,0.9544089510000049,0.990981027617838,0.956268221574344,0.9616519174041299,0.27313119173049927,0.9618768328445748,98.0,682.0,0.9590643274853801,1.0,1.0,6985.0,,,,0,,cuda,xgboost_defaults,3,1000,50,none,,,,,,,,,elliptic_pp,LOCAL,abhinawap,/home/abhinawap/StudySes/mulegraph/.venv/bin/mulegraph,random.xgb.raw165.s3,child,a64a16e,random,281caef1ade34e42aecd51bf2ab1e8a8,none,raw165,408c823763f1f17f,2023.1,xgb
e0515816714b47269c71846c9f6094b2,1,FINISHED,/home/abhinawap/StudySes/mulegraph/mlruns/1/e0515816714b47269c71846c9f6094b2/artifacts,2026-09-15 15:12:14.215000+00:00,2026-09-15 15:12:14.289000+00:00,0.9970534907968696,0.9874967080108566,0.9688601580000977,0.990981027617838,0.956268221574344,0.9616519174041299,0.27313119173049927,0.9618768328445748,98.0,682.0,0.9590643274853801,1.0,1.0,6985.0,,,,0,,cuda,xgboost_defaults,4,1000,50,none,,,,,,,,,elliptic_pp,LOCAL,abhinawap,/home/abhinawap/StudySes/mulegraph/.venv/bin/mulegraph,random.xgb.raw165.s4,child,a64a16e,random,281caef1ade34e42aecd51bf2ab1e8a8,none,raw165,408c823763f1f17f,2023.1,xgb
1e0b53cd6e0445a4a593c217bf74d119,1,FINISHED,/home/abhinawap/StudySes/mulegraph/mlruns/1/1e0b53cd6e0445a4a593c217bf74d119/artifacts,2026-09-15 15:12:14.865000+00:00,2026-09-15 15:12:14.931000+00:00,0.9106901002528422,0.959444297262492,0.5319225230005031,0.7264431258771145,0.8960573476702509,0.9308943089430894,0.8715395331382751,0.6038647342995169,59.0,828.0,0.7215007215007215,0.19592198581560283,0.9833729216152018,13123.0,,,,0,,cuda,xgboost_defaults,0,1000,50,none,,,,,,,,,elliptic_pp,LOCAL,abhinawap,/home/abhinawap/StudySes/mulegraph/.venv/bin/mulegraph,temporal.xgb.base.s0,child,a64a16e,temporal,281caef1ade34e42aecd51bf2ab1e8a8,none,base,f576c23d95a59084,2023.1,xgb
8c77af9ca1cf4a8f94c5f3d54611f52c,1,FINISHED,/home/abhinawap/StudySes/mulegraph/mlruns/1/8c77af9ca1cf4a8f94c5f3d54611f52c/artifacts,2026-09-15 15:12:15.506000+00:00,2026-09-15 15:12:15.572000+00:00,0.9106901002528422,0.959444297262492,0.5345592509993367,0.7264431258771145,0.8960573476702509,0.9308943089430894,0.8715395331382751,0.6038647342995169,59.0,828.0,0.7215007215007215,0.19592198581560283,0.9833729216152018,13123.0,,,,0,,cuda,xgboost_defaults,1,1000,50,none,,,,,,,,,elliptic_pp,LOCAL,abhinawap,/home/abhinawap/StudySes/mulegraph/.venv/bin/mulegraph,temporal.xgb.base.s1,child,a64a16e,temporal,281caef1ade34e42aecd51bf2ab1e8a8,none,base,f576c23d95a59084,2023.1,xgb
566abfdbb605403e89916e4295f61812,1,FINISHED,/home/abhinawap/StudySes/mulegraph/mlruns/1/566abfdbb605403e89916e4295f61812/artifacts,2026-09-15 15:12:16.127000+00:00,2026-09-15 15:12:16.202000+00:00,0.9106901002528422,0.959444297262492,0.5120099530004154,0.7264431258771145,0.8960573476702509,0.9308943089430894,0.8715395331382751,0.6038647342995169,59.0,828.0,0.7215007215007215,0.19592198581560283,0.9833729216152018,13123.0,,,,0,,cuda,xgboost_defaults,2,1000,50,none,,,,,,,,,elliptic_pp,LOCAL,abhinawap,/home/abhinawap/StudySes/mulegraph/.venv/bin/mulegraph,temporal.xgb.base.s2,child,a64a16e,temporal,281caef1ade34e42aecd51bf2ab1e8a8,none,base,f576c23d95a59084,2023.1,xgb
675f095376c14c7ab70ad58fb73824e8,1,FINISHED,/home/abhinawap/StudySes/mulegraph/mlruns/1/675f095376c14c7ab70ad58fb73824e8/artifacts,2026-09-15 15:12:16.778000+00:00,2026-09-15 15:12:16.858000+00:00,0.9106901002528422,0.959444297262492,0.5305267100002311,0.7264431258771145,0.8960573476702509,0.9308943089430894,0.8715395331382751,0.6038647342995169,59.0,828.0,0.7215007215007215,0.19592198581560283,0.9833729216152018,13123.0,,,,0,,cuda,xgboost_defaults,3,1000,50,none,,,,,,,,,elliptic_pp,LOCAL,abhinawap,/home/abhinawap/StudySes/mulegraph/.venv/bin/mulegraph,temporal.xgb.base.s3,child,a64a16e,temporal,281caef1ade34e42aecd51bf2ab1e8a8,none,base,f576c23d95a59084,2023.1,xgb
c09bee8541e84d24b8a865c8260d9880,1,FINISHED,/home/abhinawap/StudySes/mulegraph/mlruns/1/c09bee8541e84d24b8a865c8260d9880/artifacts,2026-09-15 15:12:17.450000+00:00,2026-09-15 15:12:17.476000+00:00,0.9106901002528422,0.959444297262492,0.5427625000002081,0.7264431258771145,0.8960573476702509,0.9308943089430894,0.8715395331382751,0.6038647342995169,59.0,828.0,0.7215007215007215,0.19592198581560283,0.9833729216152018,13123.0,,,,0,,cuda,xgboost_defaults,4,1000,50,none,,,,,,,,,elliptic_pp,LOCAL,abhinawap,/home/abhinawap/StudySes/mulegraph/.venv/bin/mulegraph,temporal.xgb.base.s4,child,a64a16e,temporal,281caef1ade34e42aecd51bf2ab1e8a8,none,base,f576c23d95a59084,2023.1,xgb
a8c5e416f95e432c897884a38f22a32f,1,FINISHED,/home/abhinawap/StudySes/mulegraph/mlruns/1/a8c5e416f95e432c897884a38f22a32f/artifacts,2026-09-15 15:12:18.539000+00:00,2026-09-15 15:12:18.612000+00:00,0.8748915057179286,0.9586351655543043,1.0097896960005528,0.7148052327148748,0.967280163599182,0.9382716049382716,0.9708261489868164,0.571256038647343,182.0,828.0,0.718299164768413,0.1588785046728972,0.9975903614457832,13123.0,,,,0,,cuda,xgboost_defaults,0,1000,50,none,,,,,,,,,elliptic_pp,LOCAL,abhinawap,/home/abhinawap/StudySes/mulegraph/.venv/bin/mulegraph,temporal.xgb.base_gfp.s0,child,a64a16e,temporal,281caef1ade34e42aecd51bf2ab1e8a8,d6e912c8fcb83f3b,base_gfp,f576c23d95a59084,2023.1,xgb
3857e0c28c904f25be6f52b699607528,1,FINISHED,/home/abhinawap/StudySes/mulegraph/mlruns/1/3857e0c28c904f25be6f52b699607528/artifacts,2026-09-15 15:12:19.704000+00:00,2026-09-15 15:12:19.773000+00:00,0.8748915057179286,0.9586351655543043,1.0388377319995925,0.7148052327148748,0.967280163599182,0.9382716049382716,0.9708261489868164,0.571256038647343,182.0,828.0,0.718299164768413,0.1588785046728972,0.9975903614457832,13123.0,,,,0,,cuda,xgboost_defaults,1,1000,50,none,,,,,,,,,elliptic_pp,LOCAL,abhinawap,/home/abhinawap/StudySes/mulegraph/.venv/bin/mulegraph,temporal.xgb.base_gfp.s1,child,a64a16e,temporal,281caef1ade34e42aecd51bf2ab1e8a8,d6e912c8fcb83f3b,base_gfp,f576c23d95a59084,2023.1,xgb
00f793954f3b48268e1d53d37dc8c399,1,FINISHED,/home/abhinawap/StudySes/mulegraph/mlruns/1/00f793954f3b48268e1d53d37dc8c399/artifacts,2026-09-15 15:12:20.871000+00:00,2026-09-15 15:12:20.938000+00:00,0.8748915057179286,0.9586351655543043,1.043070458999864,0.7148052327148748,0.967280163599182,0.9382716049382716,0.9708261489868164,0.571256038647343,182.0,828.0,0.718299164768413,0.1588785046728972,0.9975903614457832,13123.0,,,,0,,cuda,xgboost_defaults,2,1000,50,none,,,,,,,,,elliptic_pp,LOCAL,abhinawap,/home/abhinawap/StudySes/mulegraph/.venv/bin/mulegraph,temporal.xgb.base_gfp.s2,child,a64a16e,temporal,281caef1ade34e42aecd51bf2ab1e8a8,d6e912c8fcb83f3b,base_gfp,f576c23d95a59084,2023.1,xgb
c1a7f45c442f42b2abf3dd99e2645a1d,1,FINISHED,/home/abhinawap/StudySes/mulegraph/mlruns/1/c1a7f45c442f42b2abf3dd99e2645a1d/artifacts,2026-09-15 15:12:22.057000+00:00,2026-09-15 15:12:22.134000+00:00,0.8748915057179286,0.9586351655543043,1.062454219000756,0.7148052327148748,0.967280163599182,0.9382716049382716,0.9708261489868164,0.571256038647343,182.0,828.0,0.718299164768413,0.1588785046728972,0.9975903614457832,13123.0,,,,0,,cuda,xgboost_defaults,3,1000,50,none,,,,,,,,,elliptic_pp,LOCAL,abhinawap,/home/abhinawap/StudySes/mulegraph/.venv/bin/mulegraph,temporal.xgb.base_gfp.s3,child,a64a16e,temporal,281caef1ade34e42aecd51bf2ab1e8a8,d6e912c8fcb83f3b,base_gfp,f576c23d95a59084,2023.1,xgb
2b30a5b17efd44f6b6df37c6586d768b,1,FINISHED,/home/abhinawap/StudySes/mulegraph/mlruns/1/2b30a5b17efd44f6b6df37c6586d768b/artifacts,2026-09-15 15:12:23.208000+00:00,2026-09-15 15:12:23.251000+00:00,0.8748915057179286,0.9586351655543043,1.0188696959994559,0.7148052327148748,0.967280163599182,0.9382716049382716,0.9708261489868164,0.571256038647343,182.0,828.0,0.718299164768413,0.1588785046728972,0.9975903614457832,13123.0,,,,0,,cuda,xgboost_defaults,4,1000,50,none,,,,,,,,,elliptic_pp,LOCAL,abhinawap,/home/abhinawap/StudySes/mulegraph/.venv/bin/mulegraph,temporal.xgb.base_gfp.s4,child,a64a16e,temporal,281caef1ade34e42aecd51bf2ab1e8a8,d6e912c8fcb83f3b,base_gfp,f576c23d95a59084,2023.1,xgb
e54405aae46d466583677213d75f062e,1,FINISHED,/home/abhinawap/StudySes/mulegraph/mlruns/1/e54405aae46d466583677213d75f062e/artifacts,2026-09-15 15:12:41.123000+00:00,2026-09-15 15:12:41.151000+00:00,0.895370894260068,0.8918715112846252,19.525843573999737,0.5570421178080538,0.6337625178826896,0.8559837728194726,0.9000017642974854,0.535024154589372,63.0,828.0,0.5802226588081205,0.2187396898713296,0.7040816326530612,13123.0,,,,0,,cuda,sage_default_2x64,0,,,neighbor,0.0,200,0.2,0.001,64,2,True,20,elliptic_pp,LOCAL,abhinawap,/home/abhinawap/StudySes/mulegraph/.venv/bin/mulegraph,temporal.sage.base.s0,child,a64a16e,temporal,281caef1ade34e42aecd51bf2ab1e8a8,none,base,f576c23d95a59084,2023.1,sage
c4deadde86b54313b3c11def939d45b8,1,FINISHED,/home/abhinawap/StudySes/mulegraph/mlruns/1/c4deadde86b54313b3c11def939d45b8/artifacts,2026-09-15 15:12:57.908000+00:00,2026-09-15 15:12:57.974000+00:00,0.9040515173482798,0.9079707301394406,18.38887293300013,0.6642997820791625,0.7842809364548495,0.8699186991869918,0.9274052977561951,0.5664251207729468,48.0,828.0,0.6577840112201964,0.21924603174603174,0.915929203539823,13123.0,,,,0,,cuda,sage_default_2x64,1,,,neighbor,0.0,200,0.2,0.001,64,2,True,20,elliptic_pp,LOCAL,abhinawap,/home/abhinawap/StudySes/mulegraph/.venv/bin/mulegraph,temporal.sage.base.s1,child,a64a16e,temporal,281caef1ade34e42aecd51bf2ab1e8a8,none,base,f576c23d95a59084,2023.1,sage
44cc9fd980424e65b0b7a3c0e94f5af1,1,FINISHED,/home/abhinawap/StudySes/mulegraph/mlruns/1/44cc9fd980424e65b0b7a3c0e94f5af1/artifacts,2026-09-15 15:13:07.001000+00:00,2026-09-15 15:13:07.030000+00:00,0.8850126617591298,0.8790354096398584,8.905979475000095,0.613604243590436,0.7469244288224957,0.8438818565400844,0.9475104212760925,0.5132850241545893,19.0,828.0,0.6084466714387974,0.18386023294509152,0.7811320754716982,13123.0,,,,0,,cuda,sage_default_2x64,2,,,neighbor,0.0,200,0.2,0.001,64,2,True,20,elliptic_pp,LOCAL,abhinawap,/home/abhinawap/StudySes/mulegraph/.venv/bin/mulegraph,temporal.sage.base.s2,child,a64a16e,temporal,281caef1ade34e42aecd51bf2ab1e8a8,none,base,f576c23d95a59084,2023.1,sage
f6715ba37b7a4596b925b1f1394203f8,1,FINISHED,/home/abhinawap/StudySes/mulegraph/mlruns/1/f6715ba37b7a4596b925b1f1394203f8/artifacts,2026-09-15 15:13:26.863000+00:00,2026-09-15 15:13:26.944000+00:00,0.8959817332759675,0.8998094251461753,21.565628835999632,0.5045324415578811,0.707395498392283,0.869198312236287,0.9808499217033386,0.5314009661835749,66.0,828.0,0.6068965517241379,0.21723460026212318,0.7288732394366197,13123.0,,,,0,,cuda,sage_default_2x64,3,,,neighbor,0.0,200,0.2,0.001,64,2,True,20,elliptic_pp,LOCAL,abhinawap,/home/abhinawap/StudySes/mulegraph/.venv/bin/mulegraph,temporal.sage.base.s3,child,a64a16e,temporal,281caef1ade34e42aecd51bf2ab1e8a8,none,base,f576c23d95a59084,2023.1,sage
8e8a75ab21ce4c4eb974652b4e53f88d,1,FINISHED,/home/abhinawap/StudySes/mulegraph/mlruns/1/8e8a75ab21ce4c4eb974652b4e53f88d/artifacts,2026-09-15 15:13:43.403000+00:00,2026-09-15 15:13:43.437000+00:00,0.8919203929958568,0.8946478132767383,16.275431387000026,0.615760101297955,0.6397260273972603,0.8554216867469879,0.8869438767433167,0.5640096618357487,34.0,828.0,0.5994865211810013,0.20213414634146343,0.7976878612716763,13123.0,,,,0,,cuda,sage_default_2x64,4,,,neighbor,0.0,200,0.2,0.001,64,2,True,20,elliptic_pp,LOCAL,abhinawap,/home/abhinawap/StudySes/mulegraph/.venv/bin/mulegraph,temporal.sage.base.s4,child,a64a16e,temporal,281caef1ade34e42aecd51bf2ab1e8a8,none,base,f576c23d95a59084,2023.1,sage
09687680aed3413d9cd304fd394757f6,1,FINISHED,/home/abhinawap/StudySes/mulegraph/mlruns/1/09687680aed3413d9cd304fd394757f6/artifacts,2026-09-15 15:13:53.728000+00:00,2026-09-15 15:13:53.807000+00:00,0.873688098339335,0.841777016508688,10.116779442000734,0.602545456784486,0.7163636363636363,0.7935222672064778,0.9279353618621826,0.4758454106280193,10.0,828.0,0.5718432510885341,0.19838420107719928,0.6602870813397129,13123.0,,,,0,,cuda,sage_default_2x64,0,,,neighbor,0.0,200,0.2,0.001,64,2,True,20,elliptic_pp,LOCAL,abhinawap,/home/abhinawap/StudySes/mulegraph/.venv/bin/mulegraph,temporal.sage.base_gfp.s0,child,a64a16e,temporal,281caef1ade34e42aecd51bf2ab1e8a8,d6e912c8fcb83f3b,base_gfp,f576c23d95a59084,2023.1,sage
c8f3564633fe4521b9499473b11598b4,1,FINISHED,/home/abhinawap/StudySes/mulegraph/mlruns/1/c8f3564633fe4521b9499473b11598b4/artifacts,2026-09-15 15:14:25.376000+00:00,2026-09-15 15:14:25.449000+00:00,0.8908149202476167,0.8772232891755258,35.076253590000306,0.610222464928544,0.7305699481865285,0.8445378151260504,0.9639992713928223,0.5108695652173914,95.0,828.0,0.6012793176972282,0.21990049751243781,0.7527272727272727,13123.0,,,,0,,cuda,sage_default_2x64,1,,,neighbor,0.0,200,0.2,0.001,64,2,True,20,elliptic_pp,LOCAL,abhinawap,/home/abhinawap/StudySes/mulegraph/.venv/bin/mulegraph,temporal.sage.base_gfp.s1,child,a64a16e,temporal,281caef1ade34e42aecd51bf2ab1e8a8,d6e912c8fcb83f3b,base_gfp,f576c23d95a59084,2023.1,sage
46670707f2bf463c8fab83bd95f76650,1,FINISHED,/home/abhinawap/StudySes/mulegraph/mlruns/1/46670707f2bf463c8fab83bd95f76650/artifacts,2026-09-15 15:14:49.992000+00:00,2026-09-15 15:14:50.083000+00:00,0.8852208587992841,0.8558871246250196,24.37760175599942,0.5681574461222672,0.6703821656050956,0.8212765957446808,0.974641740322113,0.5084541062801933,67.0,828.0,0.5782967032967034,0.20368663594470046,0.6820428336079077,13123.0,,,,0,,cuda,sage_default_2x64,2,,,neighbor,0.0,200,0.2,0.001,64,2,True,20,elliptic_pp,LOCAL,abhinawap,/home/abhinawap/StudySes/mulegraph/.venv/bin/mulegraph,temporal.sage.base_gfp.s2,child,a64a16e,temporal,281caef1ade34e42aecd51bf2ab1e8a8,d6e912c8fcb83f3b,base_gfp,f576c23d95a59084,2023.1,sage
dee7c1cd605c48f7b8968ce596e8380f,1,FINISHED,/home/abhinawap/StudySes/mulegraph/mlruns/1/dee7c1cd605c48f7b8968ce596e8380f/artifacts,2026-09-15 15:14:59.803000+00:00,2026-09-15 15:14:59.837000+00:00,0.8775296505197313,0.8495603063713211,11.36872431500069,0.5957014382680473,0.757396449704142,0.8148148148148148,0.956287145614624,0.463768115942029,17.0,828.0,0.5752808988764045,0.1901893287435456,0.6854304635761589,13123.0,,,,0,,cuda,sage_default_2x64,3,,,neighbor,0.0,200,0.2,0.001,64,2,True,20,elliptic_pp,LOCAL,abhinawap,/home/abhinawap/StudySes/mulegraph/.venv/bin/mulegraph,temporal.sage.base_gfp.s3,child,a64a16e,temporal,281caef1ade34e42aecd51bf2ab1e8a8,d6e912c8fcb83f3b,base_gfp,f576c23d95a59084,2023.1,sage
ad4b11d00fa8445fb6076afaf63db76b,1,FINISHED,/home/abhinawap/StudySes/mulegraph/mlruns/1/ad4b11d00fa8445fb6076afaf63db76b/artifacts,2026-09-15 15:15:09.738000+00:00,2026-09-15 15:15:09.771000+00:00,0.8799414749721521,0.8480483556403111,9.729209033000188,0.6072393721442126,0.7995824634655533,0.8077753779697624,0.9387885332107544,0.46256038647342995,13.0,828.0,0.5860749808722264,0.19632810186556116,0.708904109589041,13123.0,,,,0,,cuda,sage_default_2x64,4,,,neighbor,0.0,200,0.2,0.001,64,2,True,20,elliptic_pp,LOCAL,abhinawap,/home/abhinawap/StudySes/mulegraph/.venv/bin/mulegraph,temporal.sage.base_gfp.s4,child,a64a16e,temporal,281caef1ade34e42aecd51bf2ab1e8a8,d6e912c8fcb83f3b,base_gfp,f576c23d95a59084,2023.1,sage
a0dc963b874b41978605c34b1e958fb3,1,FINISHED,/home/abhinawap/StudySes/mulegraph/mlruns/1/a0dc963b874b41978605c34b1e958fb3/artifacts,2026-09-15 15:15:11.080000+00:00,2026-09-15 15:15:11.150000+00:00,0.8990655444949343,0.9719468018042966,1.2563971939998737,0.7389899462515834,0.9642857142857143,0.9494949494949494,0.8880494236946106,0.6521739130434783,132.0,828.0,0.7780979827089337,0.19425725168473484,0.9951923076923077,13123.0,,,,0,,cuda,xgboost_defaults,0,1000,50,none,,,,,,,,,elliptic_pp,LOCAL,abhinawap,/home/abhinawap/StudySes/mulegraph/.venv/bin/mulegraph,temporal.xgb.raw165.s0,child,a64a16e,temporal,281caef1ade34e42aecd51bf2ab1e8a8,none,raw165,f576c23d95a59084,2023.1,xgb
ebcca77289e04ec6a7764527106f9ab2,1,FINISHED,/home/abhinawap/StudySes/mulegraph/mlruns/1/ebcca77289e04ec6a7764527106f9ab2/artifacts,2026-09-15 15:15:12.236000+00:00,2026-09-15 15:15:12.305000+00:00,0.8990655444949343,0.9719468018042966,1.034295851999559,0.7389899462515834,0.9642857142857143,0.9494949494949494,0.8880494236946106,0.6521739130434783,132.0,828.0,0.7780979827089337,0.19425725168473484,0.9951923076923077,13123.0,,,,0,,cuda,xgboost_defaults,1,1000,50,none,,,,,,,,,elliptic_pp,LOCAL,abhinawap,/home/abhinawap/StudySes/mulegraph/.venv/bin/mulegraph,temporal.xgb.raw165.s1,child,a64a16e,temporal,281caef1ade34e42aecd51bf2ab1e8a8,none,raw165,f576c23d95a59084,2023.1,xgb
14c8b03081e54484aee8d43352d6921a,1,FINISHED,/home/abhinawap/StudySes/mulegraph/mlruns/1/14c8b03081e54484aee8d43352d6921a/artifacts,2026-09-15 15:15:13.424000+00:00,2026-09-15 15:15:13.496000+00:00,0.8990655444949343,0.9719468018042966,1.061678226999902,0.7389899462515834,0.9642857142857143,0.9494949494949494,0.8880494236946106,0.6521739130434783,132.0,828.0,0.7780979827089337,0.19425725168473484,0.9951923076923077,13123.0,,,,0,,cuda,xgboost_defaults,2,1000,50,none,,,,,,,,,elliptic_pp,LOCAL,abhinawap,/home/abhinawap/StudySes/mulegraph/.venv/bin/mulegraph,temporal.xgb.raw165.s2,child,a64a16e,temporal,281caef1ade34e42aecd51bf2ab1e8a8,none,raw165,f576c23d95a59084,2023.1,xgb
92f6e7268ef24bb2a1a59dd7450ae5be,1,FINISHED,/home/abhinawap/StudySes/mulegraph/mlruns/1/92f6e7268ef24bb2a1a59dd7450ae5be/artifacts,2026-09-15 15:15:14.595000+00:00,2026-09-15 15:15:14.664000+00:00,0.8990655444949343,0.9719468018042966,1.0462403960000302,0.7389899462515834,0.9642857142857143,0.9494949494949494,0.8880494236946106,0.6521739130434783,132.0,828.0,0.7780979827089337,0.19425725168473484,0.9951923076923077,13123.0,,,,0,,cuda,xgboost_defaults,3,1000,50,none,,,,,,,,,elliptic_pp,LOCAL,abhinawap,/home/abhinawap/StudySes/mulegraph/.venv/bin/mulegraph,temporal.xgb.raw165.s3,child,a64a16e,temporal,281caef1ade34e42aecd51bf2ab1e8a8,none,raw165,f576c23d95a59084,2023.1,xgb
531c40935a9a4a4b973af33f4012dd15,1,FINISHED,/home/abhinawap/StudySes/mulegraph/mlruns/1/531c40935a9a4a4b973af33f4012dd15/artifacts,2026-09-15 15:15:15.727000+00:00,2026-09-15 15:15:15.796000+00:00,0.8990655444949343,0.9719468018042966,1.00870016799945,0.7389899462515834,0.9642857142857143,0.9494949494949494,0.8880494236946106,0.6521739130434783,132.0,828.0,0.7780979827089337,0.19425725168473484,0.9951923076923077,13123.0,,,,0,,cuda,xgboost_defaults,4,1000,50,none,,,,,,,,,elliptic_pp,LOCAL,abhinawap,/home/abhinawap/StudySes/mulegraph/.venv/bin/mulegraph,temporal.xgb.raw165.s4,child,a64a16e,temporal,281caef1ade34e42aecd51bf2ab1e8a8,none,raw165,f576c23d95a59084,2023.1,xgb
341e0f93709f487187f8ca276ff60d6a,1,FINISHED,/home/abhinawap/StudySes/mulegraph/mlruns/1/341e0f93709f487187f8ca276ff60d6a/artifacts,2026-09-15 15:33:03.242000+00:00,2026-09-15 15:41:48.629000+00:00,,,,,,,,,,,,,,,2023.1,50,d6e912c8fcb83f3b,0,"[0, 1, 2, 3, 4]",cuda,,,,,,,,,,,,,,elliptic_pp,LOCAL,abhinawap,/home/abhinawap/StudySes/mulegraph/.venv/bin/mulegraph,elliptic_mvp.ec4501f,parent,ec4501f,,,,,,,
5e9e3ad364374383934ed58abb63c4a7,1,FINISHED,/home/abhinawap/StudySes/mulegraph/mlruns/1/5e9e3ad364374383934ed58abb63c4a7/artifacts,2026-09-15 15:33:04.973000+00:00,2026-09-15 15:33:05.002000+00:00,0.996932755104747,0.9805808649922023,1.5273657240004468,0.9873041423044565,0.98125,0.9429657794676807,0.6896948218345642,0.9208211143695014,195.0,682.0,0.9500756429652042,1.0,1.0,6985.0,,,,0,,cuda,xgboost_defaults,0,1000,50,none,,,,,,,,,elliptic_pp,LOCAL,abhinawap,/home/abhinawap/StudySes/mulegraph/.venv/bin/mulegraph,random.xgb.base.s0,child,ec4501f,random,341e0f93709f487187f8ca276ff60d6a,none,base,408c823763f1f17f,2023.1,xgb
63ca10672b994439af4b53d71e959b7f,1,FINISHED,/home/abhinawap/StudySes/mulegraph/mlruns/1/63ca10672b994439af4b53d71e959b7f/artifacts,2026-09-15 15:33:06.129000+00:00,2026-09-15 15:33:06.203000+00:00,0.996932755104747,0.9805808649922023,1.0643079080000462,0.9873041423044565,0.98125,0.9429657794676807,0.6896948218345642,0.9208211143695014,195.0,682.0,0.9500756429652042,1.0,1.0,6985.0,,,,0,,cuda,xgboost_defaults,1,1000,50,none,,,,,,,,,elliptic_pp,LOCAL,abhinawap,/home/abhinawap/StudySes/mulegraph/.venv/bin/mulegraph,random.xgb.base.s1,child,ec4501f,random,341e0f93709f487187f8ca276ff60d6a,none,base,408c823763f1f17f,2023.1,xgb
0cad195c619646a78f4867d11082a4fd,1,FINISHED,/home/abhinawap/StudySes/mulegraph/mlruns/1/0cad195c619646a78f4867d11082a4fd/artifacts,2026-09-15 15:33:07.319000+00:00,2026-09-15 15:33:07.385000+00:00,0.996932755104747,0.9805808649922023,1.0523600679998708,0.9873041423044565,0.98125,0.9429657794676807,0.6896948218345642,0.9208211143695014,195.0,682.0,0.9500756429652042,1.0,1.0,6985.0,,,,0,,cuda,xgboost_defaults,2,1000,50,none,,,,,,,,,elliptic_pp,LOCAL,abhinawap,/home/abhinawap/StudySes/mulegraph/.venv/bin/mulegraph,random.xgb.base.s2,child,ec4501f,random,341e0f93709f487187f8ca276ff60d6a,none,base,408c823763f1f17f,2023.1,xgb
48de604eefd7412a8d7895603fd31a38,1,FINISHED,/home/abhinawap/StudySes/mulegraph/mlruns/1/48de604eefd7412a8d7895603fd31a38/artifacts,2026-09-15 15:33:08.485000+00:00,2026-09-15 15:33:08.560000+00:00,0.996932755104747,0.9805808649922023,1.0364473290001115,0.9873041423044565,0.98125,0.9429657794676807,0.6896948218345642,0.9208211143695014,195.0,682.0,0.9500756429652042,1.0,1.0,6985.0,,,,0,,cuda,xgboost_defaults,3,1000,50,none,,,,,,,,,elliptic_pp,LOCAL,abhinawap,/home/abhinawap/StudySes/mulegraph/.venv/bin/mulegraph,random.xgb.base.s3,child,ec4501f,random,341e0f93709f487187f8ca276ff60d6a,none,base,408c823763f1f17f,2023.1,xgb
9fdbabcd0ba7467da397d4172c9e9dcb,1,FINISHED,/home/abhinawap/StudySes/mulegraph/mlruns/1/9fdbabcd0ba7467da397d4172c9e9dcb/artifacts,2026-09-15 15:33:09.639000+00:00,2026-09-15 15:33:09.710000+00:00,0.996932755104747,0.9805808649922023,1.020787327999642,0.9873041423044565,0.98125,0.9429657794676807,0.6896948218345642,0.9208211143695014,195.0,682.0,0.9500756429652042,1.0,1.0,6985.0,,,,0,,cuda,xgboost_defaults,4,1000,50,none,,,,,,,,,elliptic_pp,LOCAL,abhinawap,/home/abhinawap/StudySes/mulegraph/.venv/bin/mulegraph,random.xgb.base.s4,child,ec4501f,random,341e0f93709f487187f8ca276ff60d6a,none,base,408c823763f1f17f,2023.1,xgb
6fb7ecc3f00d410894f88800a6a1f141,1,FINISHED,/home/abhinawap/StudySes/mulegraph/mlruns/1/6fb7ecc3f00d410894f88800a6a1f141/artifacts,2026-09-15 15:33:10.822000+00:00,2026-09-15 15:33:10.888000+00:00,0.9969260087943971,0.9804380920980631,1.0484260020002694,0.9868653520488493,0.9752704791344667,0.9434815373021854,0.5456243753433228,0.9252199413489736,165.0,682.0,0.9495861550037622,1.0,1.0,6985.0,,,,0,,cuda,xgboost_defaults,0,1000,50,none,,,,,,,,,elliptic_pp,LOCAL,abhinawap,/home/abhinawap/StudySes/mulegraph/.venv/bin/mulegraph,random.xgb.base_gfp.s0,child,ec4501f,random,341e0f93709f487187f8ca276ff60d6a,d6e912c8fcb83f3b,base_gfp,408c823763f1f17f,2023.1,xgb
e5d5f553bc454f12b4a72148f8d2ace3,1,FINISHED,/home/abhinawap/StudySes/mulegraph/mlruns/1/e5d5f553bc454f12b4a72148f8d2ace3/artifacts,2026-09-15 15:33:11.314000+00:00,2026-09-15 15:33:11.382000+00:00,0.9969260087943971,0.9804380920980631,1.0517453590000514,0.9868653520488493,0.9752704791344667,0.9434815373021854,0.5456243753433228,0.9252199413489736,165.0,682.0,0.9495861550037622,1.0,1.0,6985.0,,,,0,,cuda,xgboost_defaults,2,1000,50,none,,,,,,,,,elliptic_pp,LOCAL,abhinawap,/home/abhinawap/StudySes/mulegraph/.venv/bin/mulegraph,random.xgb.base_gfp.s2,child,ec4501f,random,341e0f93709f487187f8ca276ff60d6a,d6e912c8fcb83f3b,base_gfp,408c823763f1f17f,2023.1,xgb
5c552c0626e344b3ba7aa9500c0099e3,1,FINISHED,/home/abhinawap/StudySes/mulegraph/mlruns/1/5c552c0626e344b3ba7aa9500c0099e3/artifacts,2026-09-15 15:33:11.990000+00:00,2026-09-15 15:33:12.053000+00:00,0.9969260087943971,0.9804380920980631,1.0161644299996624,0.9868653520488493,0.9752704791344667,0.9434815373021854,0.5456243753433228,0.9252199413489736,165.0,682.0,0.9495861550037622,1.0,1.0,6985.0,,,,0,,cuda,xgboost_defaults,1,1000,50,none,,,,,,,,,elliptic_pp,LOCAL,abhinawap,/home/abhinawap/StudySes/mulegraph/.venv/bin/mulegraph,random.xgb.base_gfp.s1,child,ec4501f,random,341e0f93709f487187f8ca276ff60d6a,d6e912c8fcb83f3b,base_gfp,408c823763f1f17f,2023.1,xgb
e7178d342ad34550b3da38011d4d6726,1,FINISHED,/home/abhinawap/StudySes/mulegraph/mlruns/1/e7178d342ad34550b3da38011d4d6726/artifacts,2026-09-15 15:33:12.513000+00:00,2026-09-15 15:33:12.592000+00:00,0.9969260087943971,0.9804380920980631,1.0609980179997365,0.9868653520488493,0.9752704791344667,0.9434815373021854,0.5456243753433228,0.9252199413489736,165.0,682.0,0.9495861550037622,1.0,1.0,6985.0,,,,0,,cuda,xgboost_defaults,3,1000,50,none,,,,,,,,,elliptic_pp,LOCAL,abhinawap,/home/abhinawap/StudySes/mulegraph/.venv/bin/mulegraph,random.xgb.base_gfp.s3,child,ec4501f,random,341e0f93709f487187f8ca276ff60d6a,d6e912c8fcb83f3b,base_gfp,408c823763f1f17f,2023.1,xgb
a4b44627b9754055ba1ad50ea0555e28,1,FINISHED,/home/abhinawap/StudySes/mulegraph/mlruns/1/a4b44627b9754055ba1ad50ea0555e28/artifacts,2026-09-15 15:33:13.673000+00:00,2026-09-15 15:33:13.697000+00:00,0.9969260087943971,0.9804380920980631,0.9798682280006688,0.9868653520488493,0.9752704791344667,0.9434815373021854,0.5456243753433228,0.9252199413489736,165.0,682.0,0.9495861550037622,1.0,1.0,6985.0,,,,0,,cuda,xgboost_defaults,4,1000,50,none,,,,,,,,,elliptic_pp,LOCAL,abhinawap,/home/abhinawap/StudySes/mulegraph/.venv/bin/mulegraph,random.xgb.base_gfp.s4,child,ec4501f,random,341e0f93709f487187f8ca276ff60d6a,d6e912c8fcb83f3b,base_gfp,408c823763f1f17f,2023.1,xgb
f43eb69f053d44889976cfa7ac911a59,1,FINISHED,/home/abhinawap/StudySes/mulegraph/mlruns/1/f43eb69f053d44889976cfa7ac911a59/artifacts,2026-09-15 15:33:53.139000+00:00,2026-09-15 15:33:53.171000+00:00,0.988961640479351,0.9450862676841628,39.65683713800081,0.9541940327772194,0.9381933438985737,0.901840490797546,0.8698169589042664,0.8680351906158358,110.0,682.0,0.9017517136329017,0.9855595667870036,0.9884057971014493,6985.0,,,,0,,cuda,sage_default_2x64,0,,,neighbor,0.0,200,0.2,0.001,64,2,True,20,elliptic_pp,LOCAL,abhinawap,/home/abhinawap/StudySes/mulegraph/.venv/bin/mulegraph,random.sage.base.s0,child,ec4501f,random,341e0f93709f487187f8ca276ff60d6a,none,base,408c823763f1f17f,2023.1,sage
4275129d94734816b003a1c1157fa6ba,1,FINISHED,/home/abhinawap/StudySes/mulegraph/mlruns/1/4275129d94734816b003a1c1157fa6ba/artifacts,2026-09-15 15:34:23.087000+00:00,2026-09-15 15:34:23.164000+00:00,0.9878587350528516,0.9437293576522348,31.438271445000282,0.9481290246340489,0.9462540716612378,0.8944099378881987,0.8671756386756897,0.8519061583577713,84.0,682.0,0.8966049382716049,0.9837837837837838,0.9912790697674418,6985.0,,,,0,,cuda,sage_default_2x64,1,,,neighbor,0.0,200,0.2,0.001,64,2,True,20,elliptic_pp,LOCAL,abhinawap,/home/abhinawap/StudySes/mulegraph/.venv/bin/mulegraph,random.sage.base.s1,child,ec4501f,random,341e0f93709f487187f8ca276ff60d6a,none,base,408c823763f1f17f,2023.1,sage
459ac52688cf41afacd33aa60bda5dd8,1,FINISHED,/home/abhinawap/StudySes/mulegraph/mlruns/1/459ac52688cf41afacd33aa60bda5dd8/artifacts,2026-09-15 15:34:59.746000+00:00,2026-09-15 15:34:59.830000+00:00,0.9890849351167785,0.9478281286129955,38.122305550999954,0.9557595415867572,0.945859872611465,0.9011494252873563,0.9035768508911133,0.8709677419354839,108.0,682.0,0.9068702290076336,0.9855595667870036,0.9970760233918129,6985.0,,,,0,,cuda,sage_default_2x64,2,,,neighbor,0.0,200,0.2,0.001,64,2,True,20,elliptic_pp,LOCAL,abhinawap,/home/abhinawap/StudySes/mulegraph/.venv/bin/mulegraph,random.sage.base.s2,child,ec4501f,random,341e0f93709f487187f8ca276ff60d6a,none,base,408c823763f1f17f,2023.1,sage
70600e4ec5f14ebd9cec6b89492fafdd,1,FINISHED,/home/abhinawap/StudySes/mulegraph/mlruns/1/70600e4ec5f14ebd9cec6b89492fafdd/artifacts,2026-09-15 15:35:42.606000+00:00,2026-09-15 15:35:42.689000+00:00,0.9878205835046664,0.9448961667819751,44.30422255299982,0.9540791702590429,0.9318885448916409,0.8949357520786092,0.7499348521232605,0.8826979472140762,128.0,682.0,0.9066265060240963,0.9855595667870036,0.9970760233918129,6985.0,,,,0,,cuda,sage_default_2x64,3,,,neighbor,0.0,200,0.2,0.001,64,2,True,20,elliptic_pp,LOCAL,abhinawap,/home/abhinawap/StudySes/mulegraph/.venv/bin/mulegraph,random.sage.base.s3,child,ec4501f,random,341e0f93709f487187f8ca276ff60d6a,none,base,408c823763f1f17f,2023.1,sage
fe83474330b043c2b94c1f7d5828ff34,1,FINISHED,/home/abhinawap/StudySes/mulegraph/mlruns/1/fe83474330b043c2b94c1f7d5828ff34/artifacts,2026-09-15 15:36:19.094000+00:00,2026-09-15 15:36:19.134000+00:00,0.9883852962072244,0.9471007917277691,39.782708892999835,0.9467054430327231,0.8888888888888888,0.8908296943231441,0.5995156764984131,0.9032258064516129,116.0,682.0,0.896,0.9820143884892086,0.9855491329479769,6985.0,,,,0,,cuda,sage_default_2x64,4,,,neighbor,0.0,200,0.2,0.001,64,2,True,20,elliptic_pp,LOCAL,abhinawap,/home/abhinawap/StudySes/mulegraph/.venv/bin/mulegraph,random.sage.base.s4,child,ec4501f,random,341e0f93709f487187f8ca276ff60d6a,none,base,408c823763f1f17f,2023.1,sage
55f0e6cb8aef4766b414d96c2d9b2055,1,FINISHED,/home/abhinawap/StudySes/mulegraph/mlruns/1/55f0e6cb8aef4766b414d96c2d9b2055/artifacts,2026-09-15 15:36:44.864000+00:00,2026-09-15 15:36:44.905000+00:00,0.9873790491238403,0.9435673028682867,27.07830272799947,0.950495532087114,0.9195751138088012,0.8911042944785277,0.8680543303489685,0.8885630498533724,76.0,682.0,0.9038031319910514,0.978494623655914,0.9941690962099126,6985.0,,,,0,,cuda,sage_default_2x64,0,,,neighbor,0.0,200,0.2,0.001,64,2,True,20,elliptic_pp,LOCAL,abhinawap,/home/abhinawap/StudySes/mulegraph/.venv/bin/mulegraph,random.sage.base_gfp.s0,child,ec4501f,random,341e0f93709f487187f8ca276ff60d6a,d6e912c8fcb83f3b,base_gfp,408c823763f1f17f,2023.1,sage
365dc0a0f31f459da8d3b1acd08bbbf4,1,FINISHED,/home/abhinawap/StudySes/mulegraph/mlruns/1/365dc0a0f31f459da8d3b1acd08bbbf4/artifacts,2026-09-15 15:37:25.565000+00:00,2026-09-15 15:37:25.605000+00:00,0.9880549596314746,0.9467639554557487,42.14802596000027,0.950152657189271,0.9273570324574961,0.8887206661619985,0.8328014016151428,0.8797653958944281,136.0,682.0,0.9029345372460497,0.9802513464991023,0.9941690962099126,6985.0,,,,0,,cuda,sage_default_2x64,1,,,neighbor,0.0,200,0.2,0.001,64,2,True,20,elliptic_pp,LOCAL,abhinawap,/home/abhinawap/StudySes/mulegraph/.venv/bin/mulegraph,random.sage.base_gfp.s1,child,ec4501f,random,341e0f93709f487187f8ca276ff60d6a,d6e912c8fcb83f3b,base_gfp,408c823763f1f17f,2023.1,sage
deea66a6d6594fc697d6775fd6765791,1,FINISHED,/home/abhinawap/StudySes/mulegraph/mlruns/1/deea66a6d6594fc697d6775fd6765791/artifacts,2026-09-15 15:37:54.246000+00:00,2026-09-15 15:37:54.351000+00:00,0.9870580178037456,0.941880289850322,30.083695596000325,0.9473275637715961,0.921996879875195,0.8890589135424638,0.9137844443321228,0.8665689149560117,90.0,682.0,0.8934240362811792,0.9663716814159292,0.9912790697674418,6985.0,,,,0,,cuda,sage_default_2x64,2,,,neighbor,0.0,200,0.2,0.001,64,2,True,20,elliptic_pp,LOCAL,abhinawap,/home/abhinawap/StudySes/mulegraph/.venv/bin/mulegraph,random.sage.base_gfp.s2,child,ec4501f,random,341e0f93709f487187f8ca276ff60d6a,d6e912c8fcb83f3b,base_gfp,408c823763f1f17f,2023.1,sage
08f617ccedf64df78fb4f9b378cb19b4,1,FINISHED,/home/abhinawap/StudySes/mulegraph/mlruns/1/08f617ccedf64df78fb4f9b378cb19b4/artifacts,2026-09-15 15:38:33.503000+00:00,2026-09-15 15:38:33.585000+00:00,0.9873106554947767,0.9476997125546277,40.56406090600012,0.9481105854652683,0.908955223880597,0.8961911874533234,0.6346457600593567,0.8929618768328446,116.0,682.0,0.900887573964497,0.978494623655914,1.0,6985.0,,,,0,,cuda,sage_default_2x64,3,,,neighbor,0.0,200,0.2,0.001,64,2,True,20,elliptic_pp,LOCAL,abhinawap,/home/abhinawap/StudySes/mulegraph/.venv/bin/mulegraph,random.sage.base_gfp.s3,child,ec4501f,random,341e0f93709f487187f8ca276ff60d6a,d6e912c8fcb83f3b,base_gfp,408c823763f1f17f,2023.1,sage
a1f5b2c5a09848c08b6accee5aee50ce,1,FINISHED,/home/abhinawap/StudySes/mulegraph/mlruns/1/a1f5b2c5a09848c08b6accee5aee50ce/artifacts,2026-09-15 15:38:56.577000+00:00,2026-09-15 15:38:56.610000+00:00,0.9885568618583618,0.9464624970103166,24.41258916100014,0.9516708797379803,0.9147640791476408,0.8893939393939395,0.7884951829910278,0.8812316715542522,66.0,682.0,0.8976848394324123,0.9767441860465116,0.9941690962099126,6985.0,,,,0,,cuda,sage_default_2x64,4,,,neighbor,0.0,200,0.2,0.001,64,2,True,20,elliptic_pp,LOCAL,abhinawap,/home/abhinawap/StudySes/mulegraph/.venv/bin/mulegraph,random.sage.base_gfp.s4,child,ec4501f,random,341e0f93709f487187f8ca276ff60d6a,d6e912c8fcb83f3b,base_gfp,408c823763f1f17f,2023.1,sage
5d1897bd32744bce8a5be23ba297eac1,1,FINISHED,/home/abhinawap/StudySes/mulegraph/mlruns/1/5d1897bd32744bce8a5be23ba297eac1/artifacts,2026-09-15 15:38:57.718000+00:00,2026-09-15 15:38:57.791000+00:00,0.9970534907968696,0.9874967080108566,1.0602961100003085,0.990981027617838,0.956268221574344,0.9616519174041299,0.27313119173049927,0.9618768328445748,98.0,682.0,0.9590643274853801,1.0,1.0,6985.0,,,,0,,cuda,xgboost_defaults,0,1000,50,none,,,,,,,,,elliptic_pp,LOCAL,abhinawap,/home/abhinawap/StudySes/mulegraph/.venv/bin/mulegraph,random.xgb.raw165.s0,child,ec4501f,random,341e0f93709f487187f8ca276ff60d6a,none,raw165,408c823763f1f17f,2023.1,xgb
b9f30026b43b4b7f9c2a11d640861461,1,FINISHED,/home/abhinawap/StudySes/mulegraph/mlruns/1/b9f30026b43b4b7f9c2a11d640861461/artifacts,2026-09-15 15:38:58.706000+00:00,2026-09-15 15:38:58.743000+00:00,0.9970534907968696,0.9874967080108566,0.8722290989999237,0.990981027617838,0.956268221574344,0.9616519174041299,0.27313119173049927,0.9618768328445748,98.0,682.0,0.9590643274853801,1.0,1.0,6985.0,,,,0,,cuda,xgboost_defaults,1,1000,50,none,,,,,,,,,elliptic_pp,LOCAL,abhinawap,/home/abhinawap/StudySes/mulegraph/.venv/bin/mulegraph,random.xgb.raw165.s1,child,ec4501f,random,341e0f93709f487187f8ca276ff60d6a,none,raw165,408c823763f1f17f,2023.1,xgb
693806b3e6df45f694950f7b079ce586,1,FINISHED,/home/abhinawap/StudySes/mulegraph/mlruns/1/693806b3e6df45f694950f7b079ce586/artifacts,2026-09-15 15:38:59.656000+00:00,2026-09-15 15:38:59.684000+00:00,0.9970534907968696,0.9874967080108566,0.8597406620001493,0.990981027617838,0.956268221574344,0.9616519174041299,0.27313119173049927,0.9618768328445748,98.0,682.0,0.9590643274853801,1.0,1.0,6985.0,,,,0,,cuda,xgboost_defaults,2,1000,50,none,,,,,,,,,elliptic_pp,LOCAL,abhinawap,/home/abhinawap/StudySes/mulegraph/.venv/bin/mulegraph,random.xgb.raw165.s2,child,ec4501f,random,341e0f93709f487187f8ca276ff60d6a,none,raw165,408c823763f1f17f,2023.1,xgb
f66abc6aa4a248369e8b7251b62a5809,1,FINISHED,/home/abhinawap/StudySes/mulegraph/mlruns/1/f66abc6aa4a248369e8b7251b62a5809/artifacts,2026-09-15 15:39:00.615000+00:00,2026-09-15 15:39:00.646000+00:00,0.9970534907968696,0.9874967080108566,0.8873208579998391,0.990981027617838,0.956268221574344,0.9616519174041299,0.27313119173049927,0.9618768328445748,98.0,682.0,0.9590643274853801,1.0,1.0,6985.0,,,,0,,cuda,xgboost_defaults,3,1000,50,none,,,,,,,,,elliptic_pp,LOCAL,abhinawap,/home/abhinawap/StudySes/mulegraph/.venv/bin/mulegraph,random.xgb.raw165.s3,child,ec4501f,random,341e0f93709f487187f8ca276ff60d6a,none,raw165,408c823763f1f17f,2023.1,xgb
794fdb372e95481d8efd5af62097e74f,1,FINISHED,/home/abhinawap/StudySes/mulegraph/mlruns/1/794fdb372e95481d8efd5af62097e74f/artifacts,2026-09-15 15:39:01.571000+00:00,2026-09-15 15:39:01.601000+00:00,0.9970534907968696,0.9874967080108566,0.8804572600001848,0.990981027617838,0.956268221574344,0.9616519174041299,0.27313119173049927,0.9618768328445748,98.0,682.0,0.9590643274853801,1.0,1.0,6985.0,,,,0,,cuda,xgboost_defaults,4,1000,50,none,,,,,,,,,elliptic_pp,LOCAL,abhinawap,/home/abhinawap/StudySes/mulegraph/.venv/bin/mulegraph,random.xgb.raw165.s4,child,ec4501f,random,341e0f93709f487187f8ca276ff60d6a,none,raw165,408c823763f1f17f,2023.1,xgb
959de1e0336440d494fd8047cb0a7720,1,FINISHED,/home/abhinawap/StudySes/mulegraph/mlruns/1/959de1e0336440d494fd8047cb0a7720/artifacts,2026-09-15 15:39:02.182000+00:00,2026-09-15 15:39:02.262000+00:00,0.9106901002528422,0.959444297262492,0.5365593159995115,0.7264431258771145,0.8960573476702509,0.9308943089430894,0.8715395331382751,0.6038647342995169,59.0,828.0,0.7215007215007215,0.19592198581560283,0.9833729216152018,13123.0,,,,0,,cuda,xgboost_defaults,0,1000,50,none,,,,,,,,,elliptic_pp,LOCAL,abhinawap,/home/abhinawap/StudySes/mulegraph/.venv/bin/mulegraph,temporal.xgb.base.s0,child,ec4501f,temporal,341e0f93709f487187f8ca276ff60d6a,none,base,f576c23d95a59084,2023.1,xgb
a98ad3f7b6c8423fa60010d47d612ebf,1,FINISHED,/home/abhinawap/StudySes/mulegraph/mlruns/1/a98ad3f7b6c8423fa60010d47d612ebf/artifacts,2026-09-15 15:39:02.825000+00:00,2026-09-15 15:39:02.901000+00:00,0.9106901002528422,0.959444297262492,0.5181630940005562,0.7264431258771145,0.8960573476702509,0.9308943089430894,0.8715395331382751,0.6038647342995169,59.0,828.0,0.7215007215007215,0.19592198581560283,0.9833729216152018,13123.0,,,,0,,cuda,xgboost_defaults,1,1000,50,none,,,,,,,,,elliptic_pp,LOCAL,abhinawap,/home/abhinawap/StudySes/mulegraph/.venv/bin/mulegraph,temporal.xgb.base.s1,child,ec4501f,temporal,341e0f93709f487187f8ca276ff60d6a,none,base,f576c23d95a59084,2023.1,xgb
fb4c07124c614a00837e446146a161a5,1,FINISHED,/home/abhinawap/StudySes/mulegraph/mlruns/1/fb4c07124c614a00837e446146a161a5/artifacts,2026-09-15 15:39:03.483000+00:00,2026-09-15 15:39:03.545000+00:00,0.9106901002528422,0.959444297262492,0.5347937950000414,0.7264431258771145,0.8960573476702509,0.9308943089430894,0.8715395331382751,0.6038647342995169,59.0,828.0,0.7215007215007215,0.19592198581560283,0.9833729216152018,13123.0,,,,0,,cuda,xgboost_defaults,2,1000,50,none,,,,,,,,,elliptic_pp,LOCAL,abhinawap,/home/abhinawap/StudySes/mulegraph/.venv/bin/mulegraph,temporal.xgb.base.s2,child,ec4501f,temporal,341e0f93709f487187f8ca276ff60d6a,none,base,f576c23d95a59084,2023.1,xgb
42503703c0e04a478ea68fdfc6757823,1,FINISHED,/home/abhinawap/StudySes/mulegraph/mlruns/1/42503703c0e04a478ea68fdfc6757823/artifacts,2026-09-15 15:39:04.110000+00:00,2026-09-15 15:39:04.179000+00:00,0.9106901002528422,0.959444297262492,0.5222580789995845,0.7264431258771145,0.8960573476702509,0.9308943089430894,0.8715395331382751,0.6038647342995169,59.0,828.0,0.7215007215007215,0.19592198581560283,0.9833729216152018,13123.0,,,,0,,cuda,xgboost_defaults,3,1000,50,none,,,,,,,,,elliptic_pp,LOCAL,abhinawap,/home/abhinawap/StudySes/mulegraph/.venv/bin/mulegraph,temporal.xgb.base.s3,child,ec4501f,temporal,341e0f93709f487187f8ca276ff60d6a,none,base,f576c23d95a59084,2023.1,xgb
49e3fcced7f248a89a4baad1f449875f,1,FINISHED,/home/abhinawap/StudySes/mulegraph/mlruns/1/49e3fcced7f248a89a4baad1f449875f/artifacts,2026-09-15 15:39:04.746000+00:00,2026-09-15 15:39:04.834000+00:00,0.9106901002528422,0.959444297262492,0.5244975630002955,0.7264431258771145,0.8960573476702509,0.9308943089430894,0.8715395331382751,0.6038647342995169,59.0,828.0,0.7215007215007215,0.19592198581560283,0.9833729216152018,13123.0,,,,0,,cuda,xgboost_defaults,4,1000,50,none,,,,,,,,,elliptic_pp,LOCAL,abhinawap,/home/abhinawap/StudySes/mulegraph/.venv/bin/mulegraph,temporal.xgb.base.s4,child,ec4501f,temporal,341e0f93709f487187f8ca276ff60d6a,none,base,f576c23d95a59084,2023.1,xgb
e65eb086fb644b708d7434070d3c1c55,1,FINISHED,/home/abhinawap/StudySes/mulegraph/mlruns/1/e65eb086fb644b708d7434070d3c1c55/artifacts,2026-09-15 15:39:06.018000+00:00,2026-09-15 15:39:06.089000+00:00,0.8748915057179286,0.9586351655543043,1.1326979739997114,0.7148052327148748,0.967280163599182,0.9382716049382716,0.9708261489868164,0.571256038647343,182.0,828.0,0.718299164768413,0.1588785046728972,0.9975903614457832,13123.0,,,,0,,cuda,xgboost_defaults,0,1000,50,none,,,,,,,,,elliptic_pp,LOCAL,abhinawap,/home/abhinawap/StudySes/mulegraph/.venv/bin/mulegraph,temporal.xgb.base_gfp.s0,child,ec4501f,temporal,341e0f93709f487187f8ca276ff60d6a,d6e912c8fcb83f3b,base_gfp,f576c23d95a59084,2023.1,xgb
7364aa672eb44785aa0b57181b190a3f,1,FINISHED,/home/abhinawap/StudySes/mulegraph/mlruns/1/7364aa672eb44785aa0b57181b190a3f/artifacts,2026-09-15 15:39:07.143000+00:00,2026-09-15 15:39:07.261000+00:00,0.8748915057179286,0.9586351655543043,1.0012111719997847,0.7148052327148748,0.967280163599182,0.9382716049382716,0.9708261489868164,0.571256038647343,182.0,828.0,0.718299164768413,0.1588785046728972,0.9975903614457832,13123.0,,,,0,,cuda,xgboost_defaults,1,1000,50,none,,,,,,,,,elliptic_pp,LOCAL,abhinawap,/home/abhinawap/StudySes/mulegraph/.venv/bin/mulegraph,temporal.xgb.base_gfp.s1,child,ec4501f,temporal,341e0f93709f487187f8ca276ff60d6a,d6e912c8fcb83f3b,base_gfp,f576c23d95a59084,2023.1,xgb
875543618dac49a7b82916dcc681df80,1,FINISHED,/home/abhinawap/StudySes/mulegraph/mlruns/1/875543618dac49a7b82916dcc681df80/artifacts,2026-09-15 15:39:08.344000+00:00,2026-09-15 15:39:08.432000+00:00,0.8748915057179286,0.9586351655543043,1.0269168339991666,0.7148052327148748,0.967280163599182,0.9382716049382716,0.9708261489868164,0.571256038647343,182.0,828.0,0.718299164768413,0.1588785046728972,0.9975903614457832,13123.0,,,,0,,cuda,xgboost_defaults,2,1000,50,none,,,,,,,,,elliptic_pp,LOCAL,abhinawap,/home/abhinawap/StudySes/mulegraph/.venv/bin/mulegraph,temporal.xgb.base_gfp.s2,child,ec4501f,temporal,341e0f93709f487187f8ca276ff60d6a,d6e912c8fcb83f3b,base_gfp,f576c23d95a59084,2023.1,xgb
17a7651030aa4b3fa3e72b595fd750ea,1,FINISHED,/home/abhinawap/StudySes/mulegraph/mlruns/1/17a7651030aa4b3fa3e72b595fd750ea/artifacts,2026-09-15 15:39:09.666000+00:00,2026-09-15 15:39:09.741000+00:00,0.8748915057179286,0.9586351655543043,1.176740171000347,0.7148052327148748,0.967280163599182,0.9382716049382716,0.9708261489868164,0.571256038647343,182.0,828.0,0.718299164768413,0.1588785046728972,0.9975903614457832,13123.0,,,,0,,cuda,xgboost_defaults,3,1000,50,none,,,,,,,,,elliptic_pp,LOCAL,abhinawap,/home/abhinawap/StudySes/mulegraph/.venv/bin/mulegraph,temporal.xgb.base_gfp.s3,child,ec4501f,temporal,341e0f93709f487187f8ca276ff60d6a,d6e912c8fcb83f3b,base_gfp,f576c23d95a59084,2023.1,xgb
f8b59ac43b1c433fbe697b63e2b3c5e3,1,FINISHED,/home/abhinawap/StudySes/mulegraph/mlruns/1/f8b59ac43b1c433fbe697b63e2b3c5e3/artifacts,2026-09-15 15:39:10.804000+00:00,2026-09-15 15:39:10.876000+00:00,0.8748915057179286,0.9586351655543043,1.0105380810000497,0.7148052327148748,0.967280163599182,0.9382716049382716,0.9708261489868164,0.571256038647343,182.0,828.0,0.718299164768413,0.1588785046728972,0.9975903614457832,13123.0,,,,0,,cuda,xgboost_defaults,4,1000,50,none,,,,,,,,,elliptic_pp,LOCAL,abhinawap,/home/abhinawap/StudySes/mulegraph/.venv/bin/mulegraph,temporal.xgb.base_gfp.s4,child,ec4501f,temporal,341e0f93709f487187f8ca276ff60d6a,d6e912c8fcb83f3b,base_gfp,f576c23d95a59084,2023.1,xgb
2b2b78fb6cce4662899d669908c80e85,1,FINISHED,/home/abhinawap/StudySes/mulegraph/mlruns/1/2b2b78fb6cce4662899d669908c80e85/artifacts,2026-09-15 15:39:16.327000+00:00,2026-09-15 15:39:16.358000+00:00,0.8855046924145357,0.8578245247055193,7.058287300999837,0.6376871171421107,0.6868217054263566,0.8418972332015812,0.8529609441757202,0.535024154589372,12.0,828.0,0.6014935505770537,0.20615671641791045,0.7900763358778626,13123.0,,,,0,,cuda,sage_default_2x64,0,,,neighbor,0.0,200,0.2,0.001,64,2,True,20,elliptic_pp,LOCAL,abhinawap,/home/abhinawap/StudySes/mulegraph/.venv/bin/mulegraph,temporal.sage.base.s0,child,ec4501f,temporal,341e0f93709f487187f8ca276ff60d6a,none,base,f576c23d95a59084,2023.1,sage
b8711fc3f0c14f079c6eba885bdd67b5,1,FINISHED,/home/abhinawap/StudySes/mulegraph/mlruns/1/b8711fc3f0c14f079c6eba885bdd67b5/artifacts,2026-09-15 15:39:28.929000+00:00,2026-09-15 15:39:29.004000+00:00,0.8880444114393936,0.8639705690806929,12.269023081000341,0.6182461506513982,0.8269230769230769,0.8445378151260504,0.9422677159309387,0.4673913043478261,31.0,828.0,0.5972222222222222,0.20849056603773586,0.7379679144385026,13123.0,,,,0,,cuda,sage_default_2x64,1,,,neighbor,0.0,200,0.2,0.001,64,2,True,20,elliptic_pp,LOCAL,abhinawap,/home/abhinawap/StudySes/mulegraph/.venv/bin/mulegraph,temporal.sage.base.s1,child,ec4501f,temporal,341e0f93709f487187f8ca276ff60d6a,none,base,f576c23d95a59084,2023.1,sage
ee05a7be9ceb4b978e0a808fbe8ded36,1,FINISHED,/home/abhinawap/StudySes/mulegraph/mlruns/1/ee05a7be9ceb4b978e0a808fbe8ded36/artifacts,2026-09-15 15:39:50.323000+00:00,2026-09-15 15:39:50.403000+00:00,0.8838700092139101,0.885511636435559,22.890588309999657,0.5894365055118496,0.7374784110535406,0.8512396694214877,0.9164226651191711,0.5157004830917874,63.0,828.0,0.6069651741293532,0.19773337309871758,0.7596330275229358,13123.0,,,,0,,cuda,sage_default_2x64,2,,,neighbor,0.0,200,0.2,0.001,64,2,True,20,elliptic_pp,LOCAL,abhinawap,/home/abhinawap/StudySes/mulegraph/.venv/bin/mulegraph,temporal.sage.base.s2,child,ec4501f,temporal,341e0f93709f487187f8ca276ff60d6a,none,base,f576c23d95a59084,2023.1,sage
3649da31b66747b58c30bb01e87c5f6c,1,FINISHED,/home/abhinawap/StudySes/mulegraph/mlruns/1/3649da31b66747b58c30bb01e87c5f6c/artifacts,2026-09-15 15:40:09.536000+00:00,2026-09-15 15:40:09.614000+00:00,0.8873891727716188,0.8916284469982415,18.829289956999673,0.5540427079628708,0.6651718983557549,0.8637316561844863,0.9313510656356812,0.5374396135265701,51.0,828.0,0.5945223780895124,0.21484121840570317,0.7250437828371279,13123.0,,,,0,,cuda,sage_default_2x64,3,,,neighbor,0.0,200,0.2,0.001,64,2,True,20,elliptic_pp,LOCAL,abhinawap,/home/abhinawap/StudySes/mulegraph/.venv/bin/mulegraph,temporal.sage.base.s3,child,ec4501f,temporal,341e0f93709f487187f8ca276ff60d6a,none,base,f576c23d95a59084,2023.1,sage
cc9e7ffcda3146378a74a3271ddf51c9,1,FINISHED,/home/abhinawap/StudySes/mulegraph/mlruns/1/cc9e7ffcda3146378a74a3271ddf51c9/artifacts,2026-09-15 15:40:28.644000+00:00,2026-09-15 15:40:28.675000+00:00,0.8828285328665476,0.8859661642936656,20.5738189650001,0.486256643752068,0.5753424657534246,0.8502994011976048,0.8820477724075317,0.5579710144927537,62.0,828.0,0.5665236051502146,0.19945848375451264,0.6571428571428571,13123.0,,,,0,,cuda,sage_default_2x64,4,,,neighbor,0.0,200,0.2,0.001,64,2,True,20,elliptic_pp,LOCAL,abhinawap,/home/abhinawap/StudySes/mulegraph/.venv/bin/mulegraph,temporal.sage.base.s4,child,ec4501f,temporal,341e0f93709f487187f8ca276ff60d6a,none,base,f576c23d95a59084,2023.1,sage
ad8b56c1831b4f6690a4331306f808a9,1,FINISHED,/home/abhinawap/StudySes/mulegraph/mlruns/1/ad8b56c1831b4f6690a4331306f808a9/artifacts,2026-09-15 15:40:50.308000+00:00,2026-09-15 15:40:50.375000+00:00,0.8919983870745934,0.8495671656611224,23.077273685000364,0.5293449017930405,0.6312594840667678,0.8172484599589321,0.9448872804641724,0.5024154589371981,62.0,828.0,0.5595158036314728,0.2064134495641345,0.6359447004608295,13123.0,,,,0,,cuda,sage_default_2x64,0,,,neighbor,0.0,200,0.2,0.001,64,2,True,20,elliptic_pp,LOCAL,abhinawap,/home/abhinawap/StudySes/mulegraph/.venv/bin/mulegraph,temporal.sage.base_gfp.s0,child,ec4501f,temporal,341e0f93709f487187f8ca276ff60d6a,d6e912c8fcb83f3b,base_gfp,f576c23d95a59084,2023.1,sage
8606d08b7b1b4912b20f352c6e4da27a,1,FINISHED,/home/abhinawap/StudySes/mulegraph/mlruns/1/8606d08b7b1b4912b20f352c6e4da27a/artifacts,2026-09-15 15:41:04.359000+00:00,2026-09-15 15:41:04.439000+00:00,0.883735140359873,0.8311243828305306,13.593361498999911,0.5758663660232894,0.6560509554140127,0.788,0.9261963963508606,0.4975845410628019,34.0,828.0,0.5659340659340659,0.19256462387452802,0.6519685039370079,13123.0,,,,0,,cuda,sage_default_2x64,1,,,neighbor,0.0,200,0.2,0.001,64,2,True,20,elliptic_pp,LOCAL,abhinawap,/home/abhinawap/StudySes/mulegraph/.venv/bin/mulegraph,temporal.sage.base_gfp.s1,child,ec4501f,temporal,341e0f93709f487187f8ca276ff60d6a,d6e912c8fcb83f3b,base_gfp,f576c23d95a59084,2023.1,sage
c2088276a909489a89af798594a775d4,1,FINISHED,/home/abhinawap/StudySes/mulegraph/mlruns/1/c2088276a909489a89af798594a775d4/artifacts,2026-09-15 15:41:15.781000+00:00,2026-09-15 15:41:15.860000+00:00,0.8876309642386343,0.8616308379778805,10.956430037000246,0.5926774991746118,0.6708860759493671,0.8312757201646092,0.9086264967918396,0.5120772946859904,22.0,828.0,0.5808219178082191,0.19850299401197605,0.684297520661157,13123.0,,,,0,,cuda,sage_default_2x64,2,,,neighbor,0.0,200,0.2,0.001,64,2,True,20,elliptic_pp,LOCAL,abhinawap,/home/abhinawap/StudySes/mulegraph/.venv/bin/mulegraph,temporal.sage.base_gfp.s2,child,ec4501f,temporal,341e0f93709f487187f8ca276ff60d6a,d6e912c8fcb83f3b,base_gfp,f576c23d95a59084,2023.1,sage
db97aaec93b143798163c8aaccb5b6e8,1,FINISHED,/home/abhinawap/StudySes/mulegraph/mlruns/1/db97aaec93b143798163c8aaccb5b6e8/artifacts,2026-09-15 15:41:27.169000+00:00,2026-09-15 15:41:27.245000+00:00,0.8740274806340899,0.8469710238897945,12.735247766999237,0.5738255765298264,0.6901669758812616,0.8371134020618557,0.9336543679237366,0.4492753623188406,30.0,828.0,0.5442574981711777,0.18174342105263158,0.6079295154185022,13123.0,,,,0,,cuda,sage_default_2x64,3,,,neighbor,0.0,200,0.2,0.001,64,2,True,20,elliptic_pp,LOCAL,abhinawap,/home/abhinawap/StudySes/mulegraph/.venv/bin/mulegraph,temporal.sage.base_gfp.s3,child,ec4501f,temporal,341e0f93709f487187f8ca276ff60d6a,d6e912c8fcb83f3b,base_gfp,f576c23d95a59084,2023.1,sage
ec1b3f777c8b4e4eab6721ee0966f1eb,1,FINISHED,/home/abhinawap/StudySes/mulegraph/mlruns/1/ec1b3f777c8b4e4eab6721ee0966f1eb/artifacts,2026-09-15 15:41:44.963000+00:00,2026-09-15 15:41:45.032000+00:00,0.872713958189673,0.8542453916934004,17.32715584899961,0.5954690804634446,0.6459259259259259,0.832,0.914787232875824,0.5265700483091788,44.0,828.0,0.5801729873586161,0.18442280945757997,0.7288732394366197,13123.0,,,,0,,cuda,sage_default_2x64,4,,,neighbor,0.0,200,0.2,0.001,64,2,True,20,elliptic_pp,LOCAL,abhinawap,/home/abhinawap/StudySes/mulegraph/.venv/bin/mulegraph,temporal.sage.base_gfp.s4,child,ec4501f,temporal,341e0f93709f487187f8ca276ff60d6a,d6e912c8fcb83f3b,base_gfp,f576c23d95a59084,2023.1,sage
1a5447828fc3452fbacd83a7b9335cb3,1,FINISHED,/home/abhinawap/StudySes/mulegraph/mlruns/1/1a5447828fc3452fbacd83a7b9335cb3/artifacts,2026-09-15 15:41:46.206000+00:00,2026-09-15 15:41:46.272000+00:00,0.8990655444949343,0.9719468018042966,1.1097230400000626,0.7389899462515834,0.9642857142857143,0.9494949494949494,0.8880494236946106,0.6521739130434783,132.0,828.0,0.7780979827089337,0.19425725168473484,0.9951923076923077,13123.0,,,,0,,cuda,xgboost_defaults,0,1000,50,none,,,,,,,,,elliptic_pp,LOCAL,abhinawap,/home/abhinawap/StudySes/mulegraph/.venv/bin/mulegraph,temporal.xgb.raw165.s0,child,ec4501f,temporal,341e0f93709f487187f8ca276ff60d6a,none,raw165,f576c23d95a59084,2023.1,xgb
3160c7fe5e6e4da78a1e53deeb7aac4f,1,FINISHED,/home/abhinawap/StudySes/mulegraph/mlruns/1/3160c7fe5e6e4da78a1e53deeb7aac4f/artifacts,2026-09-15 15:41:47.248000+00:00,2026-09-15 15:41:47.276000+00:00,0.8990655444949343,0.9719468018042966,0.9237597070004995,0.7389899462515834,0.9642857142857143,0.9494949494949494,0.8880494236946106,0.6521739130434783,132.0,828.0,0.7780979827089337,0.19425725168473484,0.9951923076923077,13123.0,,,,0,,cuda,xgboost_defaults,1,1000,50,none,,,,,,,,,elliptic_pp,LOCAL,abhinawap,/home/abhinawap/StudySes/mulegraph/.venv/bin/mulegraph,temporal.xgb.raw165.s1,child,ec4501f,temporal,341e0f93709f487187f8ca276ff60d6a,none,raw165,f576c23d95a59084,2023.1,xgb
8d3fa15451cc429c96510c2496ba7f0b,1,FINISHED,/home/abhinawap/StudySes/mulegraph/mlruns/1/8d3fa15451cc429c96510c2496ba7f0b/artifacts,2026-09-15 15:41:47.488000+00:00,2026-09-15 15:41:47.515000+00:00,0.8990655444949343,0.9719468018042966,0.9705556860008073,0.7389899462515834,0.9642857142857143,0.9494949494949494,0.8880494236946106,0.6521739130434783,132.0,828.0,0.7780979827089337,0.19425725168473484,0.9951923076923077,13123.0,,,,0,,cuda,xgboost_defaults,3,1000,50,none,,,,,,,,,elliptic_pp,LOCAL,abhinawap,/home/abhinawap/StudySes/mulegraph/.venv/bin/mulegraph,temporal.xgb.raw165.s3,child,ec4501f,temporal,341e0f93709f487187f8ca276ff60d6a,none,raw165,f576c23d95a59084,2023.1,xgb
c4b44c4f558c45d084b11fbe43e5866f,1,FINISHED,/home/abhinawap/StudySes/mulegraph/mlruns/1/c4b44c4f558c45d084b11fbe43e5866f/artifacts,2026-09-15 15:41:48.286000+00:00,2026-09-15 15:41:48.350000+00:00,0.8990655444949343,0.9719468018042966,0.9604130389998318,0.7389899462515834,0.9642857142857143,0.9494949494949494,0.8880494236946106,0.6521739130434783,132.0,828.0,0.7780979827089337,0.19425725168473484,0.9951923076923077,13123.0,,,,0,,cuda,xgboost_defaults,2,1000,50,none,,,,,,,,,elliptic_pp,LOCAL,abhinawap,/home/abhinawap/StudySes/mulegraph/.venv/bin/mulegraph,temporal.xgb.raw165.s2,child,ec4501f,temporal,341e0f93709f487187f8ca276ff60d6a,none,raw165,f576c23d95a59084,2023.1,xgb
cbe9cf68543649ce9228237f098caae5,1,FINISHED,/home/abhinawap/StudySes/mulegraph/mlruns/1/cbe9cf68543649ce9228237f098caae5/artifacts,2026-09-15 15:41:48.525000+00:00,2026-09-15 15:41:48.622000+00:00,0.8990655444949343,0.9719468018042966,0.9547419269993043,0.7389899462515834,0.9642857142857143,0.9494949494949494,0.8880494236946106,0.6521739130434783,132.0,828.0,0.7780979827089337,0.19425725168473484,0.9951923076923077,13123.0,,,,0,,cuda,xgboost_defaults,4,1000,50,none,,,,,,,,,elliptic_pp,LOCAL,abhinawap,/home/abhinawap/StudySes/mulegraph/.venv/bin/mulegraph,temporal.xgb.raw165.s4,child,ec4501f,temporal,341e0f93709f487187f8ca276ff60d6a,none,raw165,f576c23d95a59084,2023.1,xgb
